url_pattern,view_symbol,urls_file,view_file,kind,decorators,drf_permission_classes,bases,roles_required,login_gated,role_gated,permission_gated,has_inline_auth_check,auth_mixin_gated,rbac_allow_reason,candidate_anonymous,unresolved,public_surface
workflow/<str:workflow_key>/,views_workflow.WorkflowWizardView.as_view,apps/academics/urls.py,apps/academics/views_workflow.py,class,login_required,,View,,1,0,0,0,0,,0,0,0
timetable/generate/,views_timetable.timetable_generate,apps/academics/urls.py,apps/academics/views_timetable.py,func,login_required | require_school | require_POST | require_permission(_TIMETABLE_PERMISSION),,,,1,0,1,0,0,,0,0,0
timetable/<int:schedule_id>/review/,views_timetable.timetable_review,apps/academics/urls.py,apps/academics/views_timetable.py,func,login_required | require_school | require_permission(_TIMETABLE_PERMISSION),,,,1,0,1,0,0,,0,0,0
timetable/<int:schedule_id>/publish/,views_timetable.timetable_publish,apps/academics/urls.py,apps/academics/views_timetable.py,func,login_required | require_school | require_POST | require_permission(_TIMETABLE_PERMISSION),,,,1,0,1,0,0,,0,0,0
teacher/syllabi/,views_syllabus.teacher_syllabus_hub,apps/academics/urls.py,apps/academics/views_syllabus.py,func,login_required,,,,1,0,0,0,0,,0,0,0
teacher/syllabi/<int:subject_assignment_id>/builder/,views_syllabus.syllabus_builder,apps/academics/urls.py,apps/academics/views_syllabus.py,func,login_required,,,,1,0,0,0,0,,0,0,0
teacher/syllabi/<int:subject_assignment_id>/upload/,views_syllabus.syllabus_upload,apps/academics/urls.py,apps/academics/views_syllabus.py,func,login_required,,,,1,0,0,0,0,,0,0,0
teacher/syllabi/<int:subject_assignment_id>/submit/,views_syllabus.syllabus_submit,apps/academics/urls.py,apps/academics/views_syllabus.py,func,login_required,,,,1,0,0,0,0,,0,0,0
teacher/syllabi/<int:subject_assignment_id>/preview/,views_syllabus.syllabus_preview,apps/academics/urls.py,apps/academics/views_syllabus.py,func,login_required,,,,1,0,0,0,0,,0,0,0
teacher/syllabi/<int:subject_assignment_id>/clone/,views_syllabus.syllabus_clone,apps/academics/urls.py,apps/academics/views_syllabus.py,func,login_required,,,,1,0,0,0,0,,0,0,0
approval/syllabi/,views_syllabus.syllabus_approval_queue,apps/academics/urls.py,apps/academics/views_syllabus.py,func,login_required,,,,1,0,0,0,0,,0,0,0
approval/syllabi/<int:subject_assignment_id>/approve/,views_syllabus.syllabus_approve,apps/academics/urls.py,apps/academics/views_syllabus.py,func,login_required,,,,1,0,0,0,0,,0,0,0
approval/syllabi/<int:subject_assignment_id>/reject/,views_syllabus.syllabus_reject,apps/academics/urls.py,apps/academics/views_syllabus.py,func,login_required,,,,1,0,0,0,0,,0,0,0
,auth_root_redirect,apps/accounts/urls.py,apps/accounts/views.py,func,,,,,1,0,0,0,0,pre-auth dispatcher,0,0,0
login/,login_view,apps/accounts/urls.py,apps/accounts/views.py,func,ratelimit | trace_view('auth.login'),,,,1,0,0,0,0,login page must be anonymous-reachable,0,0,0
step-up/,step_up_challenge,apps/accounts/urls.py,apps/accounts/views_step_up.py,func,"login_required | require_http_methods(['GET', 'POST'])",,,,1,0,0,0,0,@login_required inside; re-auth challenge,0,0,0
logout/,logout_view,apps/accounts/urls.py,apps/accounts/views.py,func,,,,,1,0,0,1,0,,0,0,0
impersonate/,impersonate_entry,apps/accounts/urls.py,apps/accounts/views_impersonation.py,func,require_GET | login_required,,,,1,0,0,0,0,,0,0,0
end-impersonation/,end_impersonation,apps/accounts/urls.py,apps/accounts/views_impersonation.py,func,"require_http_methods(['GET', 'POST']) | login_required",,,,1,0,0,0,0,,0,0,0
school-picker/,school_picker,apps/accounts/urls.py,apps/accounts/views.py,func,,,,,1,0,0,1,0,,0,0,0
redirect/,redirect_view,apps/accounts/urls.py,apps/accounts/views.py,func,,,,,1,0,0,1,0,,0,0,0
switch-portal-role/,switch_portal_role,apps/accounts/urls.py,apps/accounts/views.py,func,login_required,,,,1,0,0,0,0,,0,0,0
profile/,user_profile,apps/accounts/urls.py,apps/accounts/views.py,func,login_required,,,,1,0,0,0,0,,0,0,0
profile/edit/,profile_edit,apps/accounts/urls.py,apps/accounts/views.py,func,login_required,,,,1,0,0,0,0,,0,0,0
profile/delegations/,my_delegations,apps/accounts/urls.py,apps/accounts/views_delegation.py,func,login_required,,,,1,0,0,0,0,,0,0,0
profile/delegations/add/,delegation_add,apps/accounts/urls.py,apps/accounts/views_delegation.py,func,login_required,,,,1,0,0,0,0,,0,0,0
profile/delegations/<int:pk>/edit/,delegation_edit,apps/accounts/urls.py,apps/accounts/views_delegation.py,func,login_required,,,,1,0,0,0,0,,0,0,0
profile/delegations/<int:pk>/revoke/,delegation_revoke,apps/accounts/urls.py,apps/accounts/views_delegation.py,func,login_required,,,,1,0,0,0,0,,0,0,0
profile/delegations/catch-up/,delegation_catch_up,apps/accounts/urls.py,apps/accounts/views_delegation.py,func,login_required,,,,1,0,0,0,0,,0,0,0
notifications/,user_notifications,apps/accounts/urls.py,apps/accounts/views.py,func,login_required,,,,1,0,0,0,0,,0,0,0
notifications/mark-all-read/,mark_all_notifications_read,apps/accounts/urls.py,apps/accounts/views.py,func,login_required | require_POST,,,,1,0,0,0,0,,0,0,0
notifications/<int:notification_id>/read/,notification_mark_read,apps/accounts/urls.py,apps/accounts/views.py,func,login_required | require_POST,,,,1,0,0,0,0,,0,0,0
notifications/<int:notification_id>/dismiss/,notification_dismiss,apps/accounts/urls.py,apps/accounts/views.py,func,login_required | require_POST,,,,1,0,0,0,0,,0,0,0
notifications/preferences/,notification_preferences,apps/accounts/urls.py,apps/accounts/views.py,func,login_required,,,,1,0,0,0,0,,0,0,0
messages/,user_messages,apps/accounts/urls.py,apps/accounts/views.py,func,login_required,,,,1,0,0,0,0,,0,0,0
messages/search/,message_search,apps/accounts/urls.py,apps/accounts/views.py,func,login_required,,,,1,0,0,0,0,,0,0,0
messages/direct/compose/,direct_compose,apps/accounts/urls.py,apps/accounts/views.py,func,login_required,,,,1,0,0,0,0,,0,0,0
messages/direct/<int:user_id>/,direct_thread,apps/accounts/urls.py,apps/accounts/views.py,func,login_required,,,,1,0,0,0,0,,0,0,0
messages/direct/<int:user_id>/read-state/,direct_thread_read_state,apps/accounts/urls.py,apps/accounts/views.py,func,login_required,,,,1,0,0,0,0,,0,0,0
messages/direct/<int:user_id>/since/,direct_thread_messages_since,apps/accounts/urls.py,apps/accounts/views.py,func,login_required,,,,1,0,0,0,0,,0,0,0
messages/direct/<int:user_id>/typing/,direct_thread_typing,apps/accounts/urls.py,apps/accounts/views.py,func,login_required,,,,1,0,0,0,0,,0,0,0
messages/direct/<int:user_id>/block/,direct_block_toggle,apps/accounts/urls.py,apps/accounts/views.py,func,login_required,,,,1,0,0,0,0,,0,0,0
messages/attachment/<int:attachment_id>/,message_attachment_download,apps/accounts/urls.py,apps/accounts/views.py,func,login_required,,,,1,0,0,0,0,,0,0,0
documentation/,user_documentation,apps/accounts/urls.py,apps/accounts/views.py,func,login_required,,,,1,0,0,0,0,,0,0,0
rbac/,rbac_dashboard,apps/accounts/urls.py,apps/accounts/views.py,func,login_required | require_school | permission_required('settings.manage') | user_passes_test(_is_admin_user) | rbac_dashboard_pdp,,,,1,0,1,0,0,,0,0,0
backend/,backend_dashboard,apps/accounts/urls.py,apps/accounts/views.py,func,permission_required('settings.manage') | user_passes_test(_is_admin_user),,,,1,0,1,0,0,,0,0,0
backend/request-waiver/,request_waiver,apps/accounts/urls.py,apps/accounts/views.py,func,"login_required | permission_required('settings.manage') | user_passes_test(_is_admin_user) | require_http_methods(['GET', 'POST'])",,,,1,0,1,0,0,,0,0,0
backend/district-lms-interop/,district_lms_interop,apps/accounts/urls.py,apps/accounts/views_district_interop.py,func,login_required | require_http_methods(['GET']),,,,1,0,0,0,0,,0,0,0
backend/district-lms-interop/rotate-token/,district_interop_rotate_token,apps/accounts/urls.py,apps/accounts/views_district_interop.py,func,login_required | require_http_methods(['POST']),,,,1,0,0,0,0,,0,0,0
backend/district-lms-interop/export/students.csv,district_interop_csv_students,apps/accounts/urls.py,apps/accounts/views_district_interop.py,func,login_required | require_http_methods(['GET']),,,,1,0,0,0,0,,0,0,0
backend/district-lms-interop/export/teachers.csv,district_interop_csv_teachers,apps/accounts/urls.py,apps/accounts/views_district_interop.py,func,login_required | require_http_methods(['GET']),,,,1,0,0,0,0,,0,0,0
backend/district-lms-interop/export/classes.csv,district_interop_csv_classes,apps/accounts/urls.py,apps/accounts/views_district_interop.py,func,login_required | require_http_methods(['GET']),,,,1,0,0,0,0,,0,0,0
backend/advancement/donors/,advancement_donor_list,apps/accounts/urls.py,apps/schools/views_advancement.py,func,"login_required | user_passes_test(_staff_only) | require_school | _require_advancement | require_http_methods(['GET', 'POST'])",,,,1,0,0,0,0,,0,0,0
backend/advancement/donors/add/,advancement_donor_create,apps/accounts/urls.py,apps/schools/views_advancement.py,func,"login_required | user_passes_test(_staff_only) | require_school | _require_advancement | require_http_methods(['GET', 'POST'])",,,,1,0,0,0,0,,0,0,0
backend/advancement/donors/<int:donor_id>/,advancement_donor_detail,apps/accounts/urls.py,apps/schools/views_advancement.py,func,"login_required | user_passes_test(_staff_only) | require_school | _require_advancement | require_http_methods(['GET', 'POST'])",,,,1,0,0,0,0,,0,0,0
backend/advancement/donors/<int:donor_id>/edit/,advancement_donor_edit,apps/accounts/urls.py,apps/schools/views_advancement.py,func,"login_required | user_passes_test(_staff_only) | require_school | _require_advancement | require_http_methods(['GET', 'POST'])",,,,1,0,0,0,0,,0,0,0
backend/advancement/gifts/<int:gift_id>/delete/,advancement_gift_delete,apps/accounts/urls.py,apps/schools/views_advancement.py,func,login_required | user_passes_test(_staff_only) | require_school | _require_advancement | require_POST,,,,1,0,0,0,0,,0,0,0
backend/advancement/donations/,donations_dashboard,apps/accounts/urls.py,apps/schools/views_advancement.py,func,login_required | user_passes_test(_staff_only) | require_school | _require_advancement | require_http_methods(['GET']),,,,1,0,0,0,0,,0,0,0
backend/advancement/donations/capture/,donation_capture,apps/accounts/urls.py,apps/schools/views_advancement.py,func,login_required | user_passes_test(_staff_only) | require_school | _require_advancement | require_POST,,,,1,0,0,0,0,,0,0,0
backend/advancement/grants/,grants_dashboard,apps/accounts/urls.py,apps/schools/views_advancement.py,func,login_required | user_passes_test(_staff_only) | require_school | _require_advancement | require_http_methods(['GET']),,,,1,0,0,0,0,,0,0,0
backend/advancement/donors/<int:donor_id>/portal-link/,advancement_send_portal_link,apps/accounts/urls.py,apps/schools/views_advancement.py,func,login_required | user_passes_test(_staff_only) | require_school | _require_advancement | require_POST,,,,1,0,0,0,0,,0,0,0
backend/activity-log/,tenant_activity_log,apps/accounts/urls.py,apps/accounts/views_tenant_observability.py,func,login_required | require_school,,,,1,0,0,0,0,,0,0,0
backend/security-trust/,security_trust_hub,apps/accounts/urls.py,apps/accounts/views_trust_hub.py,func,login_required | require_school,,,,1,0,0,0,0,,0,0,0
backend/security-trust/impersonation/,tenant_impersonation_audit,apps/accounts/urls.py,apps/accounts/views_trust_hub.py,func,login_required | require_school,,,,1,0,0,0,0,,0,0,0
backend/identity/,tenant_identity_roster,apps/accounts/urls.py,apps/accounts/views_tenant_identity.py,func,login_required | require_school | require_GET | tenant_identity_hub_pdp,,,,1,0,0,0,0,,0,0,0
backend/identity/invite/,tenant_identity_invite,apps/accounts/urls.py,apps/accounts/views_tenant_identity.py,func,"login_required | require_school | require_http_methods(['GET', 'POST'])",,,,1,0,0,0,0,,0,0,0
backend/identity/regulator-grant/,tenant_identity_regulator_grant,apps/accounts/urls.py,apps/accounts/views_tenant_identity.py,func,"login_required | require_school | require_http_methods(['GET', 'POST']) | tenant_regulator_grant_pdp",,,,1,0,0,0,0,,0,0,0
backend/identity/<int:user_id>/,tenant_identity_detail,apps/accounts/urls.py,apps/accounts/views_tenant_identity.py,func,login_required | require_school | require_GET,,,,1,0,0,0,0,,0,0,0
backend/identity/<int:user_id>/offboard/,tenant_identity_offboard,apps/accounts/urls.py,apps/accounts/views_tenant_identity.py,func,login_required | require_school | require_POST,,,,1,0,0,0,0,,0,0,0
backend/identity/<int:user_id>/revoke-sessions/,tenant_identity_revoke_sessions,apps/accounts/urls.py,apps/accounts/views_tenant_identity.py,func,login_required | require_school | require_POST,,,,1,0,0,0,0,,0,0,0
backend/identity/<int:user_id>/grant-ownership/,tenant_identity_grant_ownership,apps/accounts/urls.py,apps/accounts/views_tenant_identity.py,func,login_required | require_school | require_POST,,,,1,0,0,0,0,,0,0,0
backend/identity/<int:user_id>/revoke-ownership/,tenant_identity_revoke_ownership,apps/accounts/urls.py,apps/accounts/views_tenant_identity.py,func,login_required | require_school | require_POST,,,,1,0,0,0,0,,0,0,0
backend/identity/<int:user_id>/transfer-ownership/,tenant_identity_transfer_ownership,apps/accounts/urls.py,apps/accounts/views_tenant_identity.py,func,login_required | require_school | require_POST,,,,1,0,0,0,0,,0,0,0
backend/identity/<int:user_id>/suspend/,tenant_identity_suspend,apps/accounts/urls.py,apps/accounts/views_tenant_identity.py,func,login_required | require_school | require_POST,,,,1,0,0,0,0,,0,0,0
backend/identity/<int:user_id>/reactivate/,tenant_identity_reactivate,apps/accounts/urls.py,apps/accounts/views_tenant_identity.py,func,login_required | require_school | require_POST,,,,1,0,0,0,0,,0,0,0
backend/ops/,ops_hub,apps/accounts/urls.py,apps/schoolops/views_tenant_ops.py,func,login_required | user_passes_test(user_can_access_ops_extended_modules) | require_school | require_http_methods(['GET']),,,,1,0,0,0,0,,0,0,0
backend/ops/library/,ops_library,apps/accounts/urls.py,apps/schoolops/views_tenant_ops.py,func,"login_required | user_passes_test(user_can_access_ops_extended_modules) | require_feature('library') | require_http_methods(['GET', 'POST'])",,,,1,0,0,0,0,,0,0,0
backend/ops/transport/,ops_transport,apps/accounts/urls.py,apps/schoolops/views_tenant_ops.py,func,"login_required | user_passes_test(user_can_access_ops_extended_modules) | require_feature('transport') | require_http_methods(['GET', 'POST'])",,,,1,0,0,0,0,,0,0,0
backend/ops/inventory/,ops_inventory,apps/accounts/urls.py,apps/schoolops/views_tenant_ops.py,func,"login_required | user_passes_test(user_can_access_ops_extended_modules) | require_feature('inventory') | require_http_methods(['GET', 'POST'])",,,,1,0,0,0,0,,0,0,0
backend/ops/canteen/,ops_canteen,apps/accounts/urls.py,apps/schoolops/views_tenant_ops.py,func,"login_required | user_passes_test(user_can_access_ops_extended_modules) | require_feature('canteen') | require_http_methods(['GET', 'POST'])",,,,1,0,0,0,0,,0,0,0
backend/ops/clinic/,ops_clinic,apps/accounts/urls.py,apps/schoolops/views_tenant_ops.py,func,login_required | user_passes_test(user_can_access_ops_clinic) | require_feature('clinic') | require_http_methods(['GET']),,,,1,0,0,0,0,,0,0,0
backend/ops/timetabling/,ops_timetabling,apps/accounts/urls.py,apps/schoolops/views_tenant_ops.py,func,login_required | user_passes_test(user_can_access_ops_extended_modules) | require_feature('timetabling') | require_http_methods(['GET']),,,,1,0,0,0,0,,0,0,0
backend/ops/substitutes/,ops_substitutes,apps/accounts/urls.py,apps/schoolops/views_tenant_ops.py,func,"login_required | require_school | require_feature('substitutes') | require_http_methods(['GET', 'POST'])",,,,1,0,0,0,0,,0,0,0
backend/ops/substitutes/handover/,substitute_handover_create,apps/accounts/urls.py,apps/schoolops/views_substitute_handover.py,func,"login_required | user_passes_test(_substitute_handover_roles_ok) | require_school | require_http_methods(['GET', 'POST'])",,,,1,0,0,0,0,,0,0,0
backend/finance/permission-to-pay/,permission_to_pay_open,apps/accounts/urls.py,apps/finance/views_permission_to_pay.py,func,"login_required | user_passes_test(_finance_roles_ok) | require_school | require_http_methods(['GET', 'POST'])",,,,1,0,0,0,0,,0,0,0
backend/finance/permission-to-pay/approve/,permission_to_pay_approve,apps/accounts/urls.py,apps/finance/views_permission_to_pay.py,func,login_required | user_passes_test(_finance_roles_ok) | require_school | require_http_methods(['POST']),,,,1,0,0,0,0,,0,0,0
backend/finance/permission-to-pay/authorize/,permission_to_pay_authorize,apps/accounts/urls.py,apps/finance/views_permission_to_pay.py,func,login_required | user_passes_test(_finance_roles_ok) | require_school | require_http_methods(['POST']),,,,1,0,0,0,0,,0,0,0
backend/ops/lost-belongings/mint/,lost_belongings_mint,apps/accounts/urls.py,apps/schoolops/views_lost_belongings.py,func,"login_required | user_passes_test(_staff_roles_ok) | require_school | require_http_methods(['GET', 'POST'])",,,,1,0,0,0,0,,0,0,0
backend/ops/lost-belongings/recover/,lost_belongings_recover,apps/accounts/urls.py,apps/schoolops/views_lost_belongings.py,func,"login_required | user_passes_test(_staff_roles_ok) | require_school | require_http_methods(['GET', 'POST'])",,,,1,0,0,0,0,,0,0,0
backend/ops/visitors/,ops_visitor_log,apps/accounts/urls.py,apps/schoolops/views_tenant_ops.py,func,"login_required | user_passes_test(user_can_access_ops_extended_modules) | require_school | require_feature('visitor_log') | require_http_methods(['GET', 'POST'])",,,,1,0,0,0,0,,0,0,0
backend/ops/facilities/,ops_facilities,apps/accounts/urls.py,apps/schoolops/views_tenant_ops.py,func,"login_required | user_passes_test(user_can_access_ops_extended_modules) | require_school | require_feature('facilities_ops') | require_http_methods(['GET', 'POST'])",,,,1,0,0,0,0,,0,0,0
backend/ops/pos/,ops_pos,apps/accounts/urls.py,apps/schoolops/views_tenant_ops.py,func,"login_required | user_passes_test(user_can_access_ops_extended_modules) | require_school | require_feature('pos_stub') | require_http_methods(['GET', 'POST'])",,,,1,0,0,0,0,,0,0,0
backend/district-lms-interop/advanced/,district_interop_save_advanced,apps/accounts/urls.py,apps/accounts/views_district_interop.py,func,login_required | require_http_methods(['POST']),,,,1,0,0,0,0,,0,0,0
backend/district-lms-interop/native-vendor/,district_interop_save_native_vendor,apps/accounts/urls.py,apps/accounts/views_district_interop.py,func,login_required | require_http_methods(['POST']),,,,1,0,0,0,0,,0,0,0
backend/district-lms-interop/native-probe/,district_interop_native_probe,apps/accounts/urls.py,apps/accounts/views_district_interop.py,func,login_required | require_http_methods(['POST']),,,,1,0,0,0,0,,0,0,0
backend/district-lms-interop/synthetic/,district_interop_toggle_synthetic,apps/accounts/urls.py,apps/accounts/views_district_interop.py,func,login_required | require_http_methods(['POST']),,,,1,0,0,0,0,,0,0,0
backend/district-lms-interop/packet/,district_interop_packet,apps/accounts/urls.py,apps/accounts/views_district_interop.py,func,login_required | require_http_methods(['GET']),,,,1,0,0,0,0,,0,0,0
backend/district-lms-interop/partner/,district_interop_partner,apps/accounts/urls.py,apps/accounts/views_district_interop.py,func,"login_required | require_http_methods(['GET', 'POST'])",,,,1,0,0,0,0,,0,0,0
backend/institution-profile/,institution_profile_wizard,apps/accounts/urls.py,apps/accounts/views_district_interop.py,func,"login_required | require_http_methods(['GET', 'POST'])",,,,1,0,0,0,0,,0,0,0
backend/status/fragment/,backend_dashboard_status_fragment,apps/accounts/urls.py,apps/accounts/views.py,func,login_required | permission_required('settings.manage') | user_passes_test(_is_admin_user),,,,1,0,1,0,0,,0,0,0
backend/api/operational-health.json,tenant_operational_health_json,apps/accounts/urls.py,apps/schools/views_tenant_health_api.py,func,login_required | require_GET,,,,1,0,0,0,0,,0,0,0
backend/api/operational-health/stream/,TenantHealthStreamView.as_view,apps/accounts/urls.py,apps/schools/views_tenant_health_api.py,class,login_required,,View,,1,0,0,0,0,,0,0,0
backend/performance/,tenant_performance_dashboard,apps/accounts/urls.py,apps/schools/views_tenant_performance.py,func,login_required | permission_required('settings.manage') | user_passes_test(_is_admin_user) | require_GET,,,,1,0,1,0,0,,0,0,0
backend/api/performance.json,tenant_performance_json,apps/accounts/urls.py,apps/schools/views_tenant_performance.py,func,login_required | permission_required('settings.manage') | user_passes_test(_is_admin_user) | require_GET,,,,1,0,1,0,0,,0,0,0
backend/dismiss-first-login-checklist/,dismiss_first_login_checklist,apps/accounts/urls.py,apps/accounts/views_onboarding.py,func,login_required | permission_required('settings.manage') | user_passes_test(_is_admin_user),,,,1,0,1,0,0,,0,0,0
backend/tour-complete/,mark_tour_complete,apps/accounts/urls.py,apps/accounts/views_onboarding.py,func,login_required | require_POST,,,,1,0,0,0,0,,0,0,0
backend/confirm-owner/,owner_confirm_role,apps/accounts/urls.py,apps/accounts/views_onboarding.py,func,login_required | require_POST,,,,1,0,0,0,0,,0,0,0
owner/,owner_console_overview,apps/accounts/urls.py,apps/accounts/views_owner_console.py,func,login_required | require_school,,,,1,0,0,0,0,,0,0,0
owner/people/,owner_console_people,apps/accounts/urls.py,apps/accounts/views_owner_console_people.py,func,login_required | require_school,,,,1,0,0,0,0,,0,0,0
owner/role-groups/,owner_console_role_groups,apps/accounts/urls.py,apps/accounts/views_owner_console_roles.py,func,login_required | require_school,,,,1,0,0,0,0,,0,0,0
owner/modules/,owner_console_modules,apps/accounts/urls.py,apps/accounts/views_owner_console.py,func,login_required | require_school,,,,1,0,0,0,0,,0,0,0
owner/billing/,owner_console_billing,apps/accounts/urls.py,apps/accounts/views_owner_console.py,func,login_required | require_school,,,,1,0,0,0,0,,0,0,0
owner/data/,owner_console_data,apps/accounts/urls.py,apps/accounts/views_owner_console.py,func,login_required | require_school,,,,1,0,0,0,0,,0,0,0
owner/branding/,owner_console_branding,apps/accounts/urls.py,apps/accounts/views_owner_console.py,func,login_required | require_school,,,,1,0,0,0,0,,0,0,0
owner/audit/,owner_console_audit,apps/accounts/urls.py,apps/accounts/views_owner_console.py,func,login_required | require_school,,,,1,0,0,0,0,,0,0,0
owner/setup/,owner_console_context_profile,apps/accounts/urls.py,apps/accounts/views_owner_console_context_profile.py,func,login_required | require_school,,,,1,0,0,0,0,,0,0,0
owner/workflows/,owner_console_workflows,apps/accounts/urls.py,apps/accounts/views_owner_console_workflows.py,func,login_required | require_school,,,,1,0,0,0,0,,0,0,0
owner/support/,owner_console_support,apps/accounts/urls.py,apps/accounts/views_owner_console_support.py,func,login_required | require_school,,,,1,0,0,0,0,,0,0,0
backend/ops-watch/,backend_ops_watch_data,apps/accounts/urls.py,apps/accounts/views.py,func,permission_required('settings.manage') | user_passes_test(_is_admin_user),,,,1,0,1,0,0,,0,0,0
backend-dashboard/,backend_dashboard,apps/accounts/urls.py,apps/accounts/views.py,func,permission_required('settings.manage') | user_passes_test(_is_admin_user),,,,1,0,1,0,0,,0,0,0
backend/import/,backend_entity_import,apps/accounts/urls.py,apps/accounts/views.py,func,"permission_required('settings.manage') | user_passes_test(lambda u: u.is_authenticated and (u.is_staff or u.is_superuser or getattr(u, 'role', None) == User.Role.ADMIN))",,,,1,0,1,0,0,,0,0,0
backend/migration-wizard/,migration_wizard,apps/accounts/urls.py,apps/accounts/views_migration.py,func,"permission_required('settings.manage') | user_passes_test(_is_admin_user) | require_http_methods(['GET', 'POST'])",,,,1,0,1,0,0,,0,0,0
backend/migration-runs/,migration_run_list,apps/accounts/urls.py,apps/accounts/views_migration.py,func,permission_required('settings.manage') | user_passes_test(_is_admin_user) | require_http_methods(['GET']),,,,1,0,1,0,0,,0,0,0
backend/migration-runs/<int:run_id>/rollback/,migration_rollback,apps/accounts/urls.py,apps/accounts/views_migration.py,func,permission_required('settings.manage') | user_passes_test(_is_admin_user) | require_http_methods(['POST']),,,,1,0,1,0,0,,0,0,0
backend/migration-runs/<int:run_id>/legacy/,migration_legacy_view,apps/accounts/urls.py,apps/accounts/views_migration.py,func,permission_required('settings.manage') | user_passes_test(_is_admin_user) | require_http_methods(['GET']),,,,1,0,1,0,0,,0,0,0
backend/legacy-data-cleaner/,legacy_data_cleaner_view,apps/accounts/urls.py,apps/accounts/views_migration.py,func,"permission_required('settings.manage') | user_passes_test(_is_admin_user) | require_http_methods(['GET', 'POST'])",,,,1,0,1,0,0,,0,0,0
backend/entities/,backend_entity_console,apps/accounts/urls.py,apps/accounts/views.py,func,"permission_required('settings.manage') | user_passes_test(lambda u: u.is_authenticated and (u.is_staff or u.is_superuser or getattr(u, 'role', None) == User.Role.ADMIN))",,,,1,0,1,0,0,,0,0,0
workflow/automation/,automation_hub,apps/accounts/urls.py,apps/accounts/views_workflow.py,func,login_required | user_passes_test(_is_admin_user),,,,1,0,0,0,0,,0,0,0
workflow/clone-year/,clone_year_setup,apps/accounts/urls.py,apps/accounts/views_rollover.py,func,permission_required('settings.manage') | user_passes_test(_is_admin_user),,,,1,0,1,0,0,,0,0,0
workflow/rollover/,rollover_year,apps/accounts/urls.py,apps/accounts/views_rollover.py,func,permission_required('settings.manage') | user_passes_test(_is_admin_user),,,,1,0,1,0,0,,0,0,0
workflow/rollover/queue/,rollover_queue,apps/accounts/urls.py,apps/accounts/views_rollover.py,func,permission_required('settings.manage') | user_passes_test(_is_admin_user) | require_http_methods(['GET']),,,,1,0,1,0,0,,0,0,0
workflow/rollover/prepare/,rollover_prepare,apps/accounts/urls.py,apps/accounts/views_rollover.py,func,permission_required('settings.manage') | user_passes_test(_is_admin_user) | require_http_methods(['POST']),,,,1,0,1,0,0,,0,0,0
workflow/rollover/proposal/<int:proposal_id>/,rollover_proposal_detail,apps/accounts/urls.py,apps/accounts/views_rollover.py,func,"permission_required('settings.manage') | user_passes_test(_is_admin_user) | require_http_methods(['GET', 'POST'])",,,,1,0,1,0,0,,0,0,0
workflow/academic-rules/,academic_rules,apps/accounts/urls.py,apps/accounts/views_workflow.py,func,permission_required('settings.manage') | user_passes_test(_is_admin_user),,,,1,0,1,0,0,,0,0,0
certification/,certification_home,apps/accounts/urls.py,apps/accounts/views_certification.py,func,login_required | permission_required('settings.manage') | user_passes_test(_is_admin_user),,,,1,0,1,0,0,,0,0,0
certification/session/<int:session_id>/,certification_session_detail,apps/accounts/urls.py,apps/accounts/views_certification.py,func,login_required | permission_required('settings.manage') | user_passes_test(_is_admin_user),,,,1,0,1,0,0,,0,0,0
certification/session/<int:session_id>/export.zip,certification_export_zip,apps/accounts/urls.py,apps/accounts/views_certification.py,func,login_required | permission_required('settings.manage') | user_passes_test(_is_admin_user),,,,1,0,1,0,0,,0,0,0
certification/session/<int:session_id>/bulk-add/,certification_bulk_add_candidates,apps/accounts/urls.py,apps/accounts/views_certification.py,func,login_required | permission_required('settings.manage') | user_passes_test(_is_admin_user),,,,1,0,1,0,0,,0,0,0
certification/session/<int:session_id>/override/,certification_session_override,apps/accounts/urls.py,apps/accounts/views_certification.py,func,login_required | permission_required('settings.manage') | user_passes_test(_is_admin_user),,,,1,0,1,0,0,,0,0,0
claim-invite/,claim_invite,apps/accounts/urls.py,apps/portal/views_parent.py,func,parent_portal_required | role_required(User.Role.PARENT),,,User.Role.PARENT,1,1,0,0,0,,0,0,0
operator-invite/<uuid:token>/,operator_invite_accept,apps/accounts/urls.py,,,,,,,0,0,0,0,0,,0,1,0
legacy-setup/<uidb64>/<token>/,LegacySetupView.as_view,apps/accounts/urls.py,apps/accounts/views_legacy_setup.py,class,,,PasswordResetConfirmView,,1,0,0,0,0,token-authenticated legacy-hash one-time setup; must be anonymous-reachable,0,0,0
onboarding/account/<uidb64>/<token>/progress/,owner_onboarding_account_provision_progress,apps/accounts/urls.py,apps/accounts/views_owner_onboarding.py,func,require_GET,,,,1,0,0,0,0,token-authenticated first-run owner onboarding; must be anonymous-reachable,0,0,0
onboarding/account/<uidb64>/<token>/,OwnerOnboardingAccountView.as_view,apps/accounts/urls.py,apps/accounts/views_owner_onboarding.py,class,,,PasswordResetConfirmView,,1,0,0,0,0,token-gated-onboarding-uidb64-token-in-url,0,0,0
onboarding/school/,owner_onboarding_school,apps/accounts/urls.py,apps/accounts/views_owner_onboarding.py,func,login_required,,,,1,0,0,0,0,,0,0,0
onboarding/done/,owner_onboarding_done,apps/accounts/urls.py,apps/accounts/views_owner_onboarding.py,func,"login_required | require_http_methods(['GET', 'POST'])",,,,1,0,0,0,0,,0,0,0
onboarding/done/status/,owner_onboarding_provision_status,apps/accounts/urls.py,apps/accounts/views_owner_onboarding.py,func,login_required | require_GET,,,,1,0,0,0,0,,0,0,0
onboarding/provision/progress/,owner_onboarding_provision_progress,apps/accounts/urls.py,apps/accounts/views_owner_onboarding.py,func,login_required | require_GET,,,,1,0,0,0,0,,0,0,0
onboarding/provision/apply-fix/,owner_onboarding_provision_apply_fix,apps/accounts/urls.py,apps/accounts/views_owner_onboarding.py,func,login_required | require_http_methods(['POST']),,,,1,0,0,0,0,,0,0,0
guardian-setup/<uidb64>/<token>/,GuardianSetupView.as_view,apps/accounts/urls.py,,,,,,,1,0,0,0,0,token-authenticated one-time guardian set-password; must be anonymous-reachable,0,1,0
mfa/setup/,mfa_setup,apps/accounts/urls.py,apps/accounts/views_mfa.py,func,login_required,,,,1,0,0,0,0,,0,0,0
mfa/dismiss-banner/,dismiss_mfa_banner,apps/accounts/urls.py,apps/accounts/views_mfa.py,func,login_required,,,,1,0,0,0,0,,0,0,0
mfa/verify/,mfa_verify,apps/accounts/urls.py,apps/accounts/views_mfa.py,func,login_required,,,,1,0,0,0,0,,0,0,0
mfa/passkey/registration/options/,passkey_registration_options,apps/accounts/urls.py,apps/accounts/views_passkey.py,func,login_required | require_GET,,,,1,0,0,0,0,,0,0,0
mfa/passkey/registration/verify/,passkey_registration_verify,apps/accounts/urls.py,apps/accounts/views_passkey.py,func,login_required | require_POST,,,,1,0,0,0,0,,0,0,0
mfa/passkey/authentication/options/,passkey_authentication_options,apps/accounts/urls.py,apps/accounts/views_passkey.py,func,login_required | require_GET,,,,1,0,0,0,0,,0,0,0
mfa/passkey/authentication/verify/,passkey_authentication_verify,apps/accounts/urls.py,apps/accounts/views_passkey.py,func,login_required | require_POST,,,,1,0,0,0,0,,0,0,0
profile/security/strength/,api_security_strength,apps/accounts/urls.py,apps/accounts/views_security.py,func,login_required | require_GET,,,,1,0,0,0,0,,0,0,0
profile/security/review/,security_posture_review,apps/accounts/urls.py,apps/accounts/views_security.py,func,login_required,,,,1,0,0,0,0,,0,0,0
profile/security/session-modal/ack/,security_posture_session_modal_ack,apps/accounts/urls.py,apps/accounts/views_security.py,func,login_required | require_POST,,,,1,0,0,0,0,,0,0,0
notifications/corner/snooze/,notification_corner_snooze,apps/accounts/urls.py,apps/accounts/views_security.py,func,login_required | require_POST,,,,1,0,0,0,0,,0,0,0
notifications/corner/dismiss/,notification_corner_dismiss,apps/accounts/urls.py,apps/accounts/views_security.py,func,login_required | require_POST,,,,1,0,0,0,0,,0,0,0
notifications/corner/mark-read/,notification_corner_mark_read,apps/accounts/urls.py,apps/accounts/views_security.py,func,login_required | require_POST,,,,1,0,0,0,0,,0,0,0
web-push/vapid-public-key/,web_push_vapid_public_key,apps/accounts/urls.py,apps/accounts/views_web_push.py,func,login_required | require_GET,,,,1,0,0,0,0,,0,0,0
web-push/subscribe/,web_push_subscribe,apps/accounts/urls.py,apps/accounts/views_web_push.py,func,login_required | require_POST,,,,1,0,0,0,0,,0,0,0
web-push/unsubscribe/,web_push_unsubscribe,apps/accounts/urls.py,apps/accounts/views_web_push.py,func,login_required | require_POST,,,,1,0,0,0,0,,0,0,0
web-push/nudge-portal-ready/,web_push_nudge_portal_ready,apps/accounts/urls.py,apps/accounts/views_web_push.py,func,login_required | require_POST,,,,1,0,0,0,0,,0,0,0
profile/security/activity/,api_security_activity,apps/accounts/urls.py,apps/accounts/views_security.py,func,login_required | require_GET,,,,1,0,0,0,0,,0,0,0
profile/security/export/,api_security_export_log,apps/accounts/urls.py,apps/accounts/views_security.py,func,login_required | require_GET,,,,1,0,0,0,0,,0,0,0
profile/security/lockdown/,api_security_lockdown,apps/accounts/urls.py,apps/accounts/views_security.py,func,login_required | require_POST,,,,1,0,0,0,0,,0,0,0
profile/security/sessions/,sessions_page,apps/accounts/urls.py,apps/accounts/views_security.py,func,login_required | require_GET,,,,1,0,0,0,0,,0,0,0
profile/security/sessions/<str:session_key>/revoke/,sessions_revoke,apps/accounts/urls.py,apps/accounts/views_security.py,func,login_required | require_POST,,,,1,0,0,0,0,,0,0,0
oidc/start/<str:integration_ref>/,oidc_start,apps/accounts/urls.py,apps/accounts/views_oidc.py,func,require_GET,,,,1,0,0,0,0,pre-auth OIDC kickoff (user not logged in yet),0,0,0
oidc/callback/<int:integration_id>/,oidc_callback,apps/accounts/urls.py,apps/accounts/views_oidc.py,func,require_GET,,,,1,0,0,0,0,pre-auth OIDC callback (state-token auth),0,0,0
oidc/logout/<int:integration_id>/,oidc_logout,apps/accounts/urls.py,apps/accounts/views_oidc.py,func,require_GET,,,,1,0,0,0,0,post-logout OIDC redirect,0,0,0
saml/start/<str:integration_ref>/,saml_start,apps/accounts/urls.py,apps/accounts/views_saml.py,func,require_GET,,,,1,0,0,0,0,pre-auth SAML kickoff (user not logged in yet),0,0,0
saml/acs/<int:integration_id>/,saml_acs,apps/accounts/urls.py,apps/accounts/views_saml.py,func,csrf_exempt | require_http_methods(['POST']),,,,1,0,0,0,0,pre-auth SAML assertion-consumer (signature-verified by view),0,0,0
saml/metadata/<int:integration_id>/,saml_metadata,apps/accounts/urls.py,apps/accounts/views_saml.py,func,require_GET,,,,1,0,0,0,0,SAML metadata XML must be publicly fetchable,0,0,0
backend/students/,backend_student_list,apps/accounts/urls.py,apps/people/views_backend.py,func,login_required | permission_required('people.view_studentprofile'),,,,1,0,1,0,0,,0,0,0
backend/students/bulk/status/,backend_student_bulk_status,apps/accounts/urls.py,apps/people/views_backend_bulk.py,func,require_http_methods(['POST']) | login_required | permission_required('people.change_studentprofile'),,,,1,0,1,0,0,,0,0,0
backend/alumni/,alumni_list,apps/accounts/urls.py,apps/people/views_backend.py,func,login_required | permission_required('people.view_studentprofile'),,,,1,0,1,0,0,,0,0,0
backend/students/create/,backend_student_create,apps/accounts/urls.py,apps/people/views_backend.py,func,login_required | permission_required('people.add_studentprofile'),,,,1,0,1,0,0,,0,0,0
backend/students/<int:student_id>/,backend_student_detail,apps/accounts/urls.py,apps/people/views_backend.py,func,login_required | permission_required('people.view_studentprofile') | audit_pii_view,,,,1,0,1,0,0,,0,0,0
backend/teachers/,backend_teacher_list,apps/accounts/urls.py,apps/people/views_backend.py,func,login_required | permission_required('people.view_teacherprofile'),,,,1,0,1,0,0,,0,0,0
backend/teachers/create/,backend_teacher_create,apps/accounts/urls.py,apps/people/views_backend.py,func,login_required | permission_required('people.add_teacherprofile'),,,,1,0,1,0,0,,0,0,0
backend/teachers/<int:teacher_id>/,backend_teacher_detail,apps/accounts/urls.py,apps/people/views_backend.py,func,login_required | permission_required('people.view_teacherprofile') | audit_pii_view,,,,1,0,1,0,0,,0,0,0
backend/guardians/,backend_guardian_list,apps/accounts/urls.py,apps/people/views_backend.py,func,login_required | permission_required('people.view_studentguardian'),,,,1,0,1,0,0,,0,0,0
backend/applicants/,backend_applicant_list,apps/accounts/urls.py,apps/people/views_backend.py,func,login_required | permission_required('people.view_applicant'),,,,1,0,1,0,0,,0,0,0
backend/applicants/create/,backend_applicant_create,apps/accounts/urls.py,apps/people/views_backend.py,func,login_required | permission_required('people.add_applicant'),,,,1,0,1,0,0,,0,0,0
backend/applicants/<int:applicant_id>/,backend_applicant_detail,apps/accounts/urls.py,apps/people/views_backend.py,func,login_required | permission_required('people.view_applicant') | audit_pii_view,,,,1,0,1,0,0,,0,0,0
backend/applicants/<int:applicant_id>/advance-stage/,backend_applicant_advance_stage,apps/accounts/urls.py,apps/people/views_backend.py,func,login_required | permission_required('people.change_applicant'),,,,1,0,1,0,0,,0,0,0
backend/applicants/<int:applicant_id>/enroll/,backend_applicant_enroll,apps/accounts/urls.py,apps/people/views_backend.py,func,login_required | permission_required('people.add_studentprofile'),,,,1,0,1,0,0,,0,0,0
backend/classrooms/,backend_classroom_list,apps/accounts/urls.py,apps/people/views_backend.py,func,login_required | permission_required('academics.view_classroom'),,,,1,0,1,0,0,,0,0,0
backend/classrooms/create/,backend_classroom_create,apps/accounts/urls.py,apps/people/views_backend.py,func,login_required | permission_required('academics.add_classroom'),,,,1,0,1,0,0,,0,0,0
backend/classrooms/<int:classroom_id>/,backend_classroom_detail,apps/accounts/urls.py,apps/people/views_backend.py,func,login_required | permission_required('academics.view_classroom'),,,,1,0,1,0,0,,0,0,0
,backend_dashboard,apps/accounts/urls_backend.py,apps/accounts/views.py,func,permission_required('settings.manage') | user_passes_test(_is_admin_user),,,,1,0,1,0,0,,0,0,0
rbac/,rbac_dashboard,apps/accounts/urls_backend.py,apps/accounts/views.py,func,login_required | require_school | permission_required('settings.manage') | user_passes_test(_is_admin_user) | rbac_dashboard_pdp,,,,1,0,1,0,0,,0,0,0
governed/query-builder/,governed_report_builder,apps/analytics/urls.py,apps/analytics/views_governed.py,func,login_required | require_GET,,,,1,0,0,0,0,,0,0,0
governed/report-builder/,governed_report_builder,apps/analytics/urls.py,apps/analytics/views_governed.py,func,login_required | require_GET,,,,1,0,0,0,0,,0,0,0
governed/query/preview/,governed_query_preview,apps/analytics/urls.py,apps/analytics/views_governed.py,func,login_required | require_POST,,,,1,0,0,0,0,,0,0,0
governed/export.csv,governed_query_export_csv,apps/analytics/urls.py,apps/analytics/views_governed.py,func,login_required | require_POST,,,,1,0,0,0,0,,0,0,0
governed/export.json,governed_query_export_json,apps/analytics/urls.py,apps/analytics/views_governed.py,func,login_required | require_POST,,,,1,0,0,0,0,,0,0,0
governed/saved-reports/,governed_saved_reports_list,apps/analytics/urls.py,apps/analytics/views_governed.py,func,login_required | require_GET,,,,1,0,0,0,0,,0,0,0
governed/saved/,governed_saved_reports_list,apps/analytics/urls.py,apps/analytics/views_governed.py,func,login_required | require_GET,,,,1,0,0,0,0,,0,0,0
governed/saved/new/,governed_saved_report_save,apps/analytics/urls.py,apps/analytics/views_governed.py,func,login_required | require_POST,,,,1,0,0,0,0,,0,0,0
governed/saved/<int:report_id>/,governed_saved_report_detail,apps/analytics/urls.py,apps/analytics/views_governed.py,func,login_required | require_GET,,,,1,0,0,0,0,,0,0,0
governed/saved/<int:report_id>/run/,governed_saved_report_run,apps/analytics/urls.py,apps/analytics/views_governed.py,func,login_required | require_POST,,,,1,0,0,0,0,,0,0,0
governed/events/,event_analytics_dashboard,apps/analytics/urls.py,apps/analytics/views_governed.py,func,login_required | require_GET,,,,1,0,0,0,0,,0,0,0
governed/events/bundle.json,event_analytics_bundle_api,apps/analytics/urls.py,apps/analytics/views_governed.py,func,login_required | require_GET,,,,1,0,0,0,0,,0,0,0
governed/intent/,governed_intent_assistant,apps/analytics/urls.py,apps/analytics/views_governed.py,func,login_required | require_GET,,,,1,0,0,0,0,,0,0,0
governed/intent/preview/,governed_intent_preview,apps/analytics/urls.py,apps/analytics/views_governed.py,func,login_required | require_POST,,,,1,0,0,0,0,,0,0,0
governed/intent/execute/,governed_intent_execute,apps/analytics/urls.py,apps/analytics/views_governed.py,func,login_required | require_POST,,,,1,0,0,0,0,,0,0,0
decision-intelligence/,decision_intelligence_dashboard,apps/analytics/urls.py,apps/analytics/views_governed.py,func,login_required | require_GET,,,,1,0,0,0,0,,0,0,0
decision/school-health/,decision_school_health_dashboard,apps/analytics/urls.py,apps/analytics/views_governed.py,func,login_required | require_GET,,,,1,0,0,0,0,,0,0,0
decision/revenue/,decision_revenue_dashboard,apps/analytics/urls.py,apps/analytics/views_governed.py,func,login_required | require_GET,,,,1,0,0,0,0,,0,0,0
decision/engagement/,decision_engagement_dashboard,apps/analytics/urls.py,apps/analytics/views_governed.py,func,login_required | require_GET,,,,1,0,0,0,0,,0,0,0
decision/risk/,decision_risk_dashboard,apps/analytics/urls.py,apps/analytics/views_governed.py,func,login_required | require_GET,,,,1,0,0,0,0,,0,0,0
decision/founder/,decision_founder_dashboard,apps/analytics/urls.py,apps/analytics/views_governed.py,func,login_required | require_GET,,,,1,0,0,0,0,,0,0,0
,dashboard,apps/analytics/urls.py,apps/payroll/views.py,func,"require_permission('payroll.view', 'payroll.manage')",,,,1,0,1,0,0,,0,0,0
master-sheet/,master_sheet,apps/analytics/urls.py,apps/analytics/views.py,func,require_permission('analytics.manage'),,,,1,0,1,0,0,,0,0,0
deadlines/,grading_deadlines,apps/analytics/urls.py,apps/analytics/views.py,func,require_permission('grades.manage'),,,,1,0,1,0,0,,0,0,0
strategic/,strategic_report,apps/analytics/urls.py,apps/analytics/views.py,func,login_required,,,,1,0,0,0,0,,0,0,0
api/forecaster/,forecaster_api,apps/analytics/urls.py,apps/analytics/views.py,func,login_required,,,,1,0,0,0,0,,0,0,0
at-risk/,at_risk_dashboard,apps/analytics/urls.py,apps/analytics/views.py,func,login_required,,,,1,0,0,0,0,,0,0,0
at-risk/intervention/,at_risk_intervention_action,apps/analytics/urls.py,apps/analytics/views.py,func,login_required | require_POST,,,,1,0,0,0,0,,0,0,0
executive/,executive_dashboard,apps/analytics/urls.py,apps/analytics/views.py,func,login_required,,,,1,0,0,0,0,,0,0,0
config/,SchoolConfigAPI.as_view,apps/api/urls.py,apps/schools/api_views.py,class,,AllowAny,APIView,,0,0,0,0,0,,0,0,0
benchmark/comparison/,BenchmarkComparisonAPI.as_view,apps/api/urls.py,apps/analytics/benchmark_views.py,class,,IsAuthenticated,APIView,,1,0,0,0,0,,0,0,0
learning/pack-install/,LearningPackInstallView.as_view,apps/api/urls.py,apps/api/learning_institution_api.py,class,csrf_exempt,,LoginRequiredMixin | View,,1,0,0,0,1,,0,0,0
learning/pack-rollback/,LearningPackRollbackView.as_view,apps/api/urls.py,apps/api/learning_institution_api.py,class,csrf_exempt,,LoginRequiredMixin | View,,1,0,0,0,1,,0,0,0
learning/institution-suggest/,InstitutionProfileSuggestView.as_view,apps/api/urls.py,apps/api/learning_institution_api.py,class,,,LoginRequiredMixin | View,,1,0,0,0,1,,0,0,0
learning/ministry-pdf/,MinistryStubPdfView.as_view,apps/api/urls.py,apps/api/learning_institution_api.py,class,,,LoginRequiredMixin | View,,1,0,0,0,1,,0,0,0
learning/statutory-extract/,StatutoryExtractJsonView.as_view,apps/api/urls.py,apps/api/learning_institution_api.py,class,,,LoginRequiredMixin | View,,1,0,0,0,1,,0,0,0
learning/identity-graph-summary/,IdentityGraphSummaryView.as_view,apps/api/urls.py,apps/api/learning_institution_api.py,class,,,LoginRequiredMixin | View,,1,0,0,0,1,,0,0,0
internal/learning-wedge-benchmarks/,LearningWedgeBenchmarksView.as_view,apps/api/urls.py,apps/api/learning_institution_api.py,class,,,LoginRequiredMixin | UserPassesTestMixin | View,,1,0,0,0,1,,0,0,0
auth/profile/,ProfileView.as_view,apps/api/urls.py,apps/api/entity_api.py,class,extend_schema,IsAuthenticated,APIView,,1,0,0,0,0,,0,0,0
session/claims/,SessionClaimsView.as_view,apps/api/urls.py,apps/api/entity_api.py,class,extend_schema,IsAuthenticated,APIView,,1,0,0,0,0,,0,0,0
entities/teacher-roster/,TeacherRosterView.as_view,apps/api/urls.py,apps/api/entity_api.py,class,extend_schema,IsAuthenticated,APIView,,1,0,0,0,0,,0,0,0
dashboard/admin/,AdminDashboardOverviewAPI.as_view,apps/api/urls.py,apps/api/dashboard_api.py,class,login_required,,View,,1,0,0,0,0,,0,0,0
dashboard/teacher/,TeacherDashboardAPI.as_view,apps/api/urls.py,apps/api/dashboard_api.py,class,login_required,,View,,1,0,0,0,0,,0,0,0
dashboard/parent/,ParentDashboardAPI.as_view,apps/api/urls.py,apps/api/dashboard_api.py,class,login_required,,View,,1,0,0,0,0,,0,0,0
dashboard/student/,StudentDashboardAPI.as_view,apps/api/urls.py,apps/api/dashboard_api.py,class,login_required,,View,,1,0,0,0,0,,0,0,0
dashboard/financial/,FinancialDashboardAPI.as_view,apps/api/urls.py,apps/api/dashboard_api.py,class,login_required,,View,,1,0,0,0,0,,0,0,0
dashboard/academic/,AcademicDashboardAPI.as_view,apps/api/urls.py,apps/api/dashboard_api.py,class,login_required,,View,,1,0,0,0,0,,0,0,0
finance/analytics/,FinancialAnalyticsAPI.as_view,apps/api/urls.py,apps/finance/api_views.py,class,,IsAdminUser,APIView,,1,0,0,0,0,,0,0,0
dashboard/layout/<str:page>/,DashboardLayoutAPI.as_view,apps/api/urls.py,apps/api/dashboard_layout_api.py,class,extend_schema_view,IsAuthenticated,APIView,,1,0,0,0,0,,0,0,0
dashboard/available-widgets/,AvailableWidgetsAPI.as_view,apps/api/urls.py,apps/api/dashboard_layout_api.py,class,extend_schema,IsAuthenticated,APIView,,1,0,0,0,0,,0,0,0
portal-preferences/,PortalPreferencesAPI.as_view,apps/api/urls.py,apps/api/user_preferences_api.py,class,extend_schema,IsAuthenticated,APIView,,1,0,0,0,0,,0,0,0
dashboard-pack-preference/,DashboardPackPreferenceAPI.as_view,apps/api/urls.py,apps/api/user_preferences_api.py,class,extend_schema,IsAuthenticated,APIView,,1,0,0,0,0,,0,0,0
admissions/lead/,LeadCaptureAPI.as_view,apps/api/urls.py,apps/api/lead_capture_api.py,class,csrf_exempt | require_http_methods(['POST']),,View,,1,0,0,0,0,"public lead-capture from marketing forms — school_slug in body, rate-limited",0,0,0
interop/,interop_hub,apps/api/urls.py,,,,,,,0,0,0,0,0,,0,1,0
interop/oneroster/,oneroster_readiness,apps/api/urls.py,,,,,,,0,0,0,0,0,,0,1,0
interop/lti13/,lti13_readiness,apps/api/urls.py,,,,,,,0,0,0,0,0,,0,1,0
interop/edfi/students/,edfi_students,apps/api/urls.py,apps/api/edfi_views.py,func,require_GET,,,,1,0,0,0,0,middleware-api-key-auth (Ed-Fi standard B2B),0,0,0
interop/edfi/grades/,edfi_grades,apps/api/urls.py,apps/api/edfi_views.py,func,require_GET,,,,1,0,0,0,0,middleware-api-key-auth (Ed-Fi standard B2B),0,0,0
interop/edfi/,edfi_readiness,apps/api/urls.py,,,,,,,0,0,0,0,0,,0,1,0
interop/ceds/students/,ceds_students,apps/api/urls.py,apps/api/ceds_views.py,func,require_GET,,,,1,0,0,0,0,middleware-api-key-auth (CEDS standard B2B),0,0,0
interop/ceds/grades/,ceds_grades,apps/api/urls.py,apps/api/ceds_views.py,func,require_GET,,,,1,0,0,0,0,middleware-api-key-auth (CEDS standard B2B),0,0,0
interop/ceds/,ceds_readiness,apps/api/urls.py,,,,,,,0,0,0,0,0,,0,1,0
interop/district-readiness/sample/,district_readiness_sample,apps/api/urls.py,,,,,,,0,0,0,0,0,,0,1,0
scim/v2/Users,scim_users,apps/api/urls.py,apps/api/scim_views.py,func,"csrf_exempt | require_http_methods(['GET', 'POST'])",,,,1,0,0,0,0,SCIM bearer-token middleware-auth,0,0,0
scim/v2/Users/<str:user_id>,scim_user_detail,apps/api/urls.py,apps/api/scim_views.py,func,"csrf_exempt | require_http_methods(['GET', 'PUT', 'PATCH', 'DELETE'])",,,,1,0,0,0,0,SCIM bearer-token middleware-auth,0,0,0
scim/v2/Groups,scim_groups,apps/api/urls.py,apps/api/scim_views.py,func,"csrf_exempt | require_http_methods(['GET', 'POST'])",,,,1,0,0,0,0,SCIM bearer-token middleware-auth,0,0,0
scim/v2/Groups/<str:group_id>,scim_group_detail,apps/api/urls.py,apps/api/scim_views.py,func,"csrf_exempt | require_http_methods(['GET', 'PATCH'])",,,,1,0,0,0,0,SCIM bearer-token middleware-auth,0,0,0
oneroster/v1p1/manifest,oneroster_manifest,apps/api/urls.py,apps/api/oneroster_views.py,func,require_GET,,,,1,0,0,0,0,OneRoster bearer-token middleware-auth,0,0,0
oneroster/v1p1/classes,oneroster_classes,apps/api/urls.py,apps/api/oneroster_views.py,func,require_GET,,,,1,0,0,0,0,OneRoster bearer-token middleware-auth,0,0,0
oneroster/v1p1/students,oneroster_students,apps/api/urls.py,apps/api/oneroster_views.py,func,require_GET,,,,1,0,0,0,0,OneRoster bearer-token middleware-auth,0,0,0
oneroster/v1p1/teachers,oneroster_teachers,apps/api/urls.py,apps/api/oneroster_views.py,func,require_GET,,,,1,0,0,0,0,OneRoster bearer-token middleware-auth,0,0,0
oneroster/v1p1/orgs,oneroster_orgs,apps/api/urls.py,apps/api/oneroster_views.py,func,require_GET,,,,1,0,0,0,0,OneRoster bearer-token middleware-auth,0,0,0
oneroster/v1p1/courses,oneroster_courses,apps/api/urls.py,apps/api/oneroster_views.py,func,require_GET,,,,1,0,0,0,0,OneRoster bearer-token middleware-auth,0,0,0
oneroster/v1p1/users,oneroster_users,apps/api/urls.py,apps/api/oneroster_views.py,func,require_GET,,,,1,0,0,0,0,OneRoster bearer-token middleware-auth,0,0,0
oneroster/v1p1/roster-webhook,oneroster_roster_webhook,apps/api/urls.py,,,,,,,0,0,0,0,0,,0,1,0
integrations/v1/platform-webhook,platform_marketplace_integration_webhook,apps/api/urls.py,,,,,,,0,0,0,0,0,,0,1,0
portal/digital-id/,DigitalIDAPI.as_view,apps/api/urls.py,apps/api/digital_id_api.py,class,login_required,,View,,1,0,0,0,0,,0,0,0
portal/digital-id/children/,DigitalIDChildrenAPI.as_view,apps/api/urls.py,apps/api/digital_id_api.py,class,login_required,,View,,1,0,0,0,0,,0,0,0
rosetta/convert/,RosettaStoneConvertAPI.as_view,apps/api/urls.py,apps/api/rosetta_views.py,class,login_required,,DeprecationHeaderViewMixin | View,,1,0,0,0,0,,0,0,0
rosetta/scales/,RosettaStoneScalesAPI.as_view,apps/api/urls.py,apps/api/rosetta_views.py,class,login_required,,DeprecationHeaderViewMixin | View,,1,0,0,0,0,,0,0,0
search/,GlobalSearchAPI.as_view,apps/api/urls.py,apps/api/search_api.py,class,login_required | require_http_methods(['GET']),,View,,1,0,0,0,0,,0,0,0
search/suggestions/,SearchSuggestionsAPI.as_view,apps/api/urls.py,apps/api/search_api.py,class,login_required,,View,,1,0,0,0,0,,0,0,0
internal/teacher-hover/,TeacherHoverContextView.as_view,apps/api/urls.py,apps/api/teacher_hover_api.py,class,login_required | require_http_methods(['GET']),,View,,1,0,0,0,0,,0,0,0
internal/insight-anomalies/,InsightAnomaliesAPIView.as_view,apps/api/urls.py,apps/api/insight_anomalies_api.py,class,login_required | require_http_methods(['GET']),,View,,1,0,0,0,0,,0,0,0
internal/analytics-viz/overview/,AnalyticsVizOverviewAPIView.as_view,apps/api/urls.py,apps/api/analytics_viz_api.py,class,login_required | require_http_methods(['GET']),,View,,1,0,0,0,0,,0,0,0
internal/br/slo-targets/,SLOTargetsAPIView.as_view,apps/api/urls.py,apps/api/br_northstar_views.py,class,csrf_exempt,,_StaffSchoolMixin | View,,1,0,0,0,1,,0,0,0
internal/control-plane/bridge-manifest/,ControlPlaneBridgeManifestAPIView.as_view,apps/api/urls.py,apps/api/control_plane_internal_views.py,class,,,_ControlPlaneOperatorMixin | View,,1,0,0,0,1,,0,0,0
internal/br/compliance/validate-enrollment/,ComplianceValidateEnrollmentView.as_view,apps/api/urls.py,apps/api/br_northstar_views.py,class,csrf_exempt,,_StaffSchoolMixin | View,,1,0,0,0,1,,0,0,0
internal/br/compliance/validate-attendance/,ComplianceValidateAttendanceView.as_view,apps/api/urls.py,apps/api/br_northstar_views.py,class,csrf_exempt,,_StaffSchoolMixin | View,,1,0,0,0,1,,0,0,0
internal/br/migration-diff-preview/,MigrationDiffPreviewView.as_view,apps/api/urls.py,apps/api/br_northstar_views.py,class,csrf_exempt,,_StaffSchoolMixin | View,,1,0,0,0,1,,0,0,0
internal/br/ews/,EWSListCreateView.as_view,apps/api/urls.py,apps/api/br_northstar_views.py,class,csrf_exempt,,_StaffSchoolMixin | View,,1,0,0,0,1,,0,0,0
internal/br/nl-admin-query/,NLAdminGovernedQueryView.as_view,apps/api/urls.py,apps/api/br_northstar_views.py,class,csrf_exempt,,UserPassesTestMixin | LoginRequiredMixin | View,,1,0,0,0,1,,0,0,0
internal/br/messaging-retention/,MessagingRetentionPolicyView.as_view,apps/api/urls.py,apps/api/br_northstar_views.py,class,csrf_exempt,,_StaffSchoolMixin | View,,1,0,0,0,1,,0,0,0
internal/br/legacy-sis-readonly/,LegacySisReadonlyStubView.as_view,apps/api/urls.py,apps/api/br_northstar_views.py,class,csrf_exempt,,_StaffSchoolMixin | View,,1,0,0,0,1,,0,0,0
internal/br/tenant-registries-effective/,TenantRegistriesEffectiveView.as_view,apps/api/urls.py,apps/api/br_northstar_views.py,class,csrf_exempt,,_StaffSchoolMixin | View,,1,0,0,0,1,,0,0,0
internal/br/demographic-insights/,DemographicInsightsView.as_view,apps/api/urls.py,apps/api/br_northstar_views.py,class,csrf_exempt,,_StaffSchoolMixin | View,,1,0,0,0,1,,0,0,0
internal/br/climate-reporting-hooks/,ClimateReportingHooksView.as_view,apps/api/urls.py,apps/api/br_northstar_views.py,class,csrf_exempt,,_StaffSchoolMixin | View,,1,0,0,0,1,,0,0,0
internal/north-star/event-catalog/,NorthStarEventCatalogView.as_view,apps/api/urls.py,apps/api/north_star_api_views.py,class,csrf_exempt,,_StaffSchoolMixin | View,,1,0,0,0,1,,0,0,0
internal/north-star/wedge-playbook/,NorthStarWedgePlaybookView.as_view,apps/api/urls.py,apps/api/north_star_api_views.py,class,csrf_exempt,,_StaffSchoolMixin | View,,1,0,0,0,1,,0,0,0
internal/north-star/package-impact/,NorthStarPackageImpactView.as_view,apps/api/urls.py,apps/api/north_star_api_views.py,class,csrf_exempt,,_StaffSchoolMixin | View,,1,0,0,0,1,,0,0,0
internal/north-star/rum-web-vitals/,NorthStarRumWebVitalsSummaryView.as_view,apps/api/urls.py,apps/api/north_star_api_views.py,class,csrf_exempt,,_StaffSuperuserOnlyMixin | View,,1,0,0,0,1,,0,0,0
internal/north-star/upcoming-deadlines/,NorthStarUpcomingDeadlinesView.as_view,apps/api/urls.py,apps/api/north_star_api_views.py,class,csrf_exempt,,_StaffSchoolMixin | View,,1,0,0,0,1,,0,0,0
ai/setup-assistant/,api_setup_assistant,apps/api/urls.py,apps/portal/views_ai_gateway.py,func,require_http_methods(['POST']) | csrf_protect | login_required,,,,1,0,0,0,0,,0,0,0
ai/workflow-draft/,api_workflow_draft,apps/api/urls.py,apps/portal/views_ai_gateway.py,func,require_http_methods(['POST']) | csrf_protect | login_required,,,,1,0,0,0,0,,0,0,0
ai/policy-explain/,api_policy_explain,apps/api/urls.py,apps/portal/views_ai_gateway.py,func,require_http_methods(['POST']) | csrf_protect | login_required,,,,1,0,0,0,0,,0,0,0
ai/document-classify/,api_document_classify,apps/api/urls.py,apps/portal/views_ai_gateway.py,func,require_http_methods(['POST']) | csrf_protect | login_required,,,,1,0,0,0,0,,0,0,0
ai/semantic-search/,api_semantic_search,apps/api/urls.py,apps/portal/views_ai_gateway.py,func,"require_http_methods(['POST', 'GET']) | csrf_protect | login_required",,,,1,0,0,0,0,,0,0,0
ai/migration-suggest/,api_migration_suggest,apps/api/urls.py,apps/portal/views_ai_gateway.py,func,require_http_methods(['POST']) | csrf_protect | login_required,,,,1,0,0,0,0,,0,0,0
ai/admin-copilot/,api_admin_copilot,apps/api/urls.py,apps/portal/views_ai_gateway.py,func,require_http_methods(['POST']) | csrf_protect | login_required,,,,1,0,0,0,0,,0,0,0
ai/theme-recommend/,api_theme_recommend,apps/api/urls.py,apps/portal/views_ai_gateway.py,func,require_http_methods(['POST']) | csrf_protect | login_required,,,,1,0,0,0,0,,0,0,0
ai/feature-control-explain/,api_feature_control_explain,apps/api/urls.py,apps/portal/views_ai_gateway.py,func,require_http_methods(['POST']) | csrf_protect | login_required,,,,1,0,0,0,0,,0,0,0
ai/report-recommend/,api_report_recommend,apps/api/urls.py,apps/portal/views_ai_gateway.py,func,require_http_methods(['POST']) | csrf_protect | login_required,,,,1,0,0,0,0,,0,0,0
ai/design-studio-draft/,api_design_studio_draft,apps/api/urls.py,apps/portal/views_ai_gateway.py,func,require_http_methods(['POST']) | csrf_protect | login_required,,,,1,0,0,0,0,,0,0,0
ai/live-preview-explain/,api_live_preview_explain,apps/api/urls.py,apps/portal/views_ai_gateway.py,func,require_http_methods(['POST']) | csrf_protect | login_required,,,,1,0,0,0,0,,0,0,0
ai/system-config-explain/,api_system_config_explain,apps/api/urls.py,apps/portal/views_ai_gateway.py,func,require_http_methods(['POST']) | csrf_protect | login_required,,,,1,0,0,0,0,,0,0,0
ai/dashboard-pack-recommend/,api_dashboard_pack_recommend,apps/api/urls.py,apps/portal/views_ai_gateway.py,func,require_http_methods(['POST']) | csrf_protect | login_required,,,,1,0,0,0,0,,0,0,0
ai/support-assistant/,api_support_assistant,apps/api/urls.py,apps/portal/views_ai_gateway.py,func,require_http_methods(['POST']) | csrf_protect | login_required,,,,1,0,0,0,0,,0,0,0
ai/support-assistant/stream/,api_support_assistant_stream,apps/api/urls.py,apps/portal/views_ai_gateway.py,func,require_http_methods(['POST']) | csrf_protect | login_required,,,,1,0,0,0,0,,0,0,0
support/deflection/,api_support_deflection,apps/api/urls.py,apps/portal/views_support_deflection.py,func,"login_required | csrf_protect | require_http_methods(['GET', 'POST'])",,,,1,0,0,0,0,,0,0,0
support/deflection/ack/,api_support_deflection_ack,apps/api/urls.py,apps/portal/views_support_deflection.py,func,login_required | csrf_protect | require_http_methods(['POST']),,,,1,0,0,0,0,,0,0,0
kb/typeahead/,api_kb_typeahead,apps/api/urls.py,apps/portal/views_kb_typeahead.py,func,login_required | require_GET,,,,1,0,0,0,0,,0,0,0
ai/command-bar/,api_command_bar_search,apps/api/urls.py,apps/portal/views_command_bar.py,func,"require_http_methods(['GET', 'POST']) | csrf_protect | login_required",,,,1,0,0,0,0,,0,0,0
ai/line-interpret/,api_ai_line_interpret,apps/api/urls.py,apps/portal/views_ai_line.py,func,"require_http_methods(['GET', 'POST']) | csrf_protect | login_required",,,,1,0,0,0,0,,0,0,0
admissions/intake-schema/,api_admissions_intake_schema,apps/api/urls.py,apps/portal/views_admissions_intake.py,func,require_GET | login_required,,,,1,0,0,0,0,,0,0,0
admissions/applicant-scores/,api_admissions_applicant_scores,apps/api/urls.py,apps/portal/views_admissions_intake.py,func,require_http_methods(['POST']) | csrf_protect | login_required,,,,1,0,0,0,0,,0,0,0
super/wedges/,api_wedge_list,apps/api/urls.py,apps/portal/views_wedges.py,func,staff_member_required | require_http_methods(['GET']),,,,1,0,0,0,0,,0,0,0
super/wedges/<int:wedge_id>/,api_wedge_detail,apps/api/urls.py,apps/portal/views_wedges.py,func,staff_member_required | require_http_methods(['GET']),,,,1,0,0,0,0,,0,0,0
roster/v1p2/orgs/,_oneroster.orgs,apps/api/urls.py,apps/api/oneroster_views.py,func,require_GET,,,,1,0,0,0,0,oneroster-oauth2-bearer-gated-via-_gate-_authenticate,0,0,0
roster/v1p2/orgs/<str:sourced_id>/,_oneroster_writes.org_resource,apps/api/urls.py,,,,,,,0,0,0,0,0,,0,1,0
roster/v1p2/schools/,_oneroster.schools,apps/api/urls.py,,,,,,,0,0,0,0,0,,0,1,0
roster/v1p2/users/,_oneroster.users,apps/api/urls.py,apps/api/oneroster_views.py,func,require_GET,,,,1,0,0,0,0,oneroster-oauth2-bearer-gated-via-_gate-_authenticate,0,0,0
roster/v1p2/users/delta/,_oneroster.users_delta_v1p2,apps/api/urls.py,,,,,,,0,0,0,0,0,,0,1,0
roster/v1p2/users/bulk/,_oneroster.users_bulk_post,apps/api/urls.py,,,,,,,0,0,0,0,0,,0,1,0
roster/v1p2/students/,_oneroster.students,apps/api/urls.py,apps/api/oneroster_views.py,func,require_GET,,,,1,0,0,0,0,oneroster-oauth2-bearer-gated-via-_gate-_authenticate,0,0,0
roster/v1p2/teachers/,_oneroster.teachers,apps/api/urls.py,apps/api/oneroster_views.py,func,require_GET,,,,1,0,0,0,0,oneroster-oauth2-bearer-gated-via-_gate-_authenticate,0,0,0
roster/v1p2/staff/,_oneroster.staff,apps/api/urls.py,,,,,,,0,0,0,0,0,,0,1,0
roster/v1p2/classes/bulk/,_oneroster_w1_extensions.classes_bulk_post,apps/api/urls.py,,,,,,,0,0,0,0,0,,0,1,0
roster/v1p2/classes/,_oneroster.classes,apps/api/urls.py,apps/api/oneroster_views.py,func,require_GET,,,,1,0,0,0,0,oneroster-oauth2-bearer-gated-via-_gate-_authenticate,0,0,0
roster/v1p2/classes/<str:sourced_id>/,_oneroster_writes.class_resource,apps/api/urls.py,,,,,,,0,0,0,0,0,,0,1,0
roster/v1p2/academic-sessions/,_oneroster.academic_sessions,apps/api/urls.py,apps/api/oneroster_views.py,func,require_GET,,,,1,0,0,0,0,oneroster-oauth2-bearer-gated-via-_gate-_authenticate,0,0,0
roster/v1p2/academic-sessions/<str:sourced_id>/,_oneroster.academic_session_detail,apps/api/urls.py,,,,,,,0,0,0,0,0,,0,1,0
roster/v1p2/terms/,_oneroster.terms,apps/api/urls.py,,,,,,,0,0,0,0,0,,0,1,0
roster/v1p2/grading-periods/,_oneroster.grading_periods,apps/api/urls.py,,,,,,,0,0,0,0,0,,0,1,0
roster/v1p2/courses/,_oneroster.courses,apps/api/urls.py,apps/api/oneroster_views.py,func,require_GET,,,,1,0,0,0,0,oneroster-oauth2-bearer-gated-via-_gate-_authenticate,0,0,0
roster/v1p2/enrollments/bulk/,_oneroster_w1_extensions.enrollments_bulk_post,apps/api/urls.py,,,,,,,0,0,0,0,0,,0,1,0
roster/v1p2/enrollments/,_oneroster.enrollments,apps/api/urls.py,apps/api/oneroster_views.py,func,require_GET,,,,1,0,0,0,0,oneroster-oauth2-bearer-gated-via-_gate-_authenticate,0,0,0
roster/v1p2/categories/,_oneroster_results.categories_list_v1p2_roster,apps/api/urls.py,,,,,,,0,0,0,0,0,,0,1,0
roster/v1p2/categories/<str:sourced_id>/,_oneroster_results.category_detail_v1p2_roster,apps/api/urls.py,,,,,,,0,0,0,0,0,,0,1,0
roster/v1p2/results/,_oneroster_results.results_list_v1p2_roster,apps/api/urls.py,,,,,,,0,0,0,0,0,,0,1,0
roster/v1p2/results/<str:sourced_id>/,_oneroster_results.result_detail_v1p2_roster,apps/api/urls.py,,,,,,,0,0,0,0,0,,0,1,0
roster/v1p2/scoreScales/,_oneroster_results.score_scales_list_v1p2_roster,apps/api/urls.py,,,,,,,0,0,0,0,0,,0,1,0
roster/v1p2/scoreScales/<str:sourced_id>/,_oneroster_results.score_scale_detail_v1p2_roster,apps/api/urls.py,,,,,,,0,0,0,0,0,,0,1,0
roster/v1p2/demographics/,_oneroster_demographics.demographics_collection,apps/api/urls.py,,,,,,,0,0,0,0,0,,0,1,0
roster/v1p2/demographics/put/,_oneroster_demographics.post_demographic,apps/api/urls.py,,,,,,,0,0,0,0,0,,0,1,0
roster/v1p2/demographics/<str:sourced_id>/put/,_oneroster_demographics.put_demographic,apps/api/urls.py,,,,,,,0,0,0,0,0,,0,1,0
roster/v1p2/demographics/<str:sourced_id>/,_oneroster_demographics.demographic_detail,apps/api/urls.py,,,,,,,0,0,0,0,0,,0,1,0
roster/v1p2/students/<str:sourced_id>/demographics/,_oneroster_demographics.student_demographics,apps/api/urls.py,,,,,,,0,0,0,0,0,,0,1,0
roster/v1p2/import/,_oneroster_csv.import_bundle,apps/api/urls.py,,,,,,,0,0,0,0,0,,0,1,0
roster/v1p2/import/last-report/,_oneroster_csv.last_import_report,apps/api/urls.py,,,,,,,0,0,0,0,0,,0,1,0
roster/v1p2/orgs/<str:sourced_id>/,_oneroster_writes.put_org,apps/api/urls.py,,,,,,,0,0,0,0,0,,0,1,0
roster/v1p2/users/<str:sourced_id>/,_oneroster_writes.put_user,apps/api/urls.py,,,,,,,0,0,0,0,0,,0,1,0
roster/v1p2/classes/<str:sourced_id>/,_oneroster_writes.put_class,apps/api/urls.py,,,,,,,0,0,0,0,0,,0,1,0
roster/results/v1p2/lineItems/,_oneroster_results.line_items_list,apps/api/urls.py,,,,,,,0,0,0,0,0,,0,1,0
roster/results/v1p2/lineItems/<str:sourced_id>/,_oneroster_results.line_item_detail,apps/api/urls.py,,,,,,,0,0,0,0,0,,0,1,0
roster/results/v1p2/results/,_oneroster_results.results_collection,apps/api/urls.py,,,,,,,0,0,0,0,0,,0,1,0
roster/results/v1p2/results/<str:sourced_id>/,_oneroster_results.result_detail,apps/api/urls.py,,,,,,,0,0,0,0,0,,0,1,0
roster/results/v1p2/results/<str:sourced_id>/put/,_oneroster_results.put_result,apps/api/urls.py,,,,,,,0,0,0,0,0,,0,1,0
roster/results/v1p2/results/post/,_oneroster_results.post_result,apps/api/urls.py,,,,,,,0,0,0,0,0,,0,1,0
roster/results/v1p2/results/<str:sourced_id>/delete/,_oneroster_results.delete_result,apps/api/urls.py,,,,,,,0,0,0,0,0,,0,1,0
roster/results/v1p2/lineItems/post/,_oneroster_results.post_line_item,apps/api/urls.py,,,,,,,0,0,0,0,0,,0,1,0
roster/results/v1p2/lineItems/<str:sourced_id>/put/,_oneroster_results.put_line_item,apps/api/urls.py,,,,,,,0,0,0,0,0,,0,1,0
roster/results/v1p2/lineItems/<str:sourced_id>/delete/,_oneroster_results.delete_line_item,apps/api/urls.py,,,,,,,0,0,0,0,0,,0,1,0
roster/results/v1p2/gradingPeriods/,_oneroster_results.grading_periods_collection,apps/api/urls.py,,,,,,,0,0,0,0,0,,0,1,0
roster/results/v1p2/gradingPeriods/<str:sourced_id>/,_oneroster_results.grading_period_dispatch,apps/api/urls.py,,,,,,,0,0,0,0,0,,0,1,0
roster/results/v1p2/gradingPeriods/post/,_oneroster_results.post_grading_period,apps/api/urls.py,,,,,,,0,0,0,0,0,,0,1,0
roster/results/v1p2/gradingPeriods/<str:sourced_id>/put/,_oneroster_results.put_grading_period,apps/api/urls.py,,,,,,,0,0,0,0,0,,0,1,0
roster/results/v1p2/gradingPeriods/<str:sourced_id>/delete/,_oneroster_results.delete_grading_period,apps/api/urls.py,,,,,,,0,0,0,0,0,,0,1,0
roster/results/v1p2/categories/,_oneroster_results.categories_collection,apps/api/urls.py,,,,,,,0,0,0,0,0,,0,1,0
roster/results/v1p2/categories/post/,_oneroster_results.post_category,apps/api/urls.py,,,,,,,0,0,0,0,0,,0,1,0
roster/results/v1p2/categories/<str:sourced_id>/put/,_oneroster_results.put_category,apps/api/urls.py,,,,,,,0,0,0,0,0,,0,1,0
roster/results/v1p2/categories/<str:sourced_id>/delete/,_oneroster_results.delete_category,apps/api/urls.py,,,,,,,0,0,0,0,0,,0,1,0
roster/results/v1p2/categories/<str:sourced_id>/,_oneroster_results.category_dispatch,apps/api/urls.py,,,,,,,0,0,0,0,0,,0,1,0
roster/results/v1p2/attachments/,_oneroster_results.attachments_collection,apps/api/urls.py,,,,,,,0,0,0,0,0,,0,1,0
roster/results/v1p2/attachments/post/,_oneroster_results.post_attachment,apps/api/urls.py,,,,,,,0,0,0,0,0,,0,1,0
roster/results/v1p2/attachments/<str:sourced_id>/put/,_oneroster_results.put_attachment,apps/api/urls.py,,,,,,,0,0,0,0,0,,0,1,0
roster/results/v1p2/attachments/<str:sourced_id>/delete/,_oneroster_results.delete_attachment,apps/api/urls.py,,,,,,,0,0,0,0,0,,0,1,0
roster/results/v1p2/attachments/<str:sourced_id>/,_oneroster_results.attachment_dispatch,apps/api/urls.py,,,,,,,0,0,0,0,0,,0,1,0
roster/results/v1p2/rubrics/,_oneroster_results.rubrics_collection,apps/api/urls.py,,,,,,,0,0,0,0,0,,0,1,0
roster/results/v1p2/rubrics/post/,_oneroster_results.post_rubric,apps/api/urls.py,,,,,,,0,0,0,0,0,,0,1,0
roster/results/v1p2/rubrics/<str:sourced_id>/put/,_oneroster_results.put_rubric,apps/api/urls.py,,,,,,,0,0,0,0,0,,0,1,0
roster/results/v1p2/rubrics/<str:sourced_id>/delete/,_oneroster_results.delete_rubric,apps/api/urls.py,,,,,,,0,0,0,0,0,,0,1,0
roster/results/v1p2/rubrics/<str:sourced_id>/,_oneroster_results.rubric_dispatch,apps/api/urls.py,,,,,,,0,0,0,0,0,,0,1,0
roster/results/v1p2/classGroups/,_oneroster_results.classgroups_collection,apps/api/urls.py,,,,,,,0,0,0,0,0,,0,1,0
roster/results/v1p2/classGroups/post/,_oneroster_results.post_classgroup,apps/api/urls.py,,,,,,,0,0,0,0,0,,0,1,0
roster/results/v1p2/classGroups/<str:sourced_id>/put/,_oneroster_results.put_classgroup,apps/api/urls.py,,,,,,,0,0,0,0,0,,0,1,0
roster/results/v1p2/classGroups/<str:sourced_id>/delete/,_oneroster_results.delete_classgroup,apps/api/urls.py,,,,,,,0,0,0,0,0,,0,1,0
roster/results/v1p2/classGroups/bulk-delete-by-class/,_oneroster_results.classgroups_bulk_delete_by_class,apps/api/urls.py,,,,,,,0,0,0,0,0,,0,1,0
roster/results/v1p2/classGroups/<str:sourced_id>/,_oneroster_results.classgroup_dispatch,apps/api/urls.py,,,,,,,0,0,0,0,0,,0,1,0
roster/results/v1p2/results/import/,_oneroster_results.post_results_bulk_import,apps/api/urls.py,,,,,,,0,0,0,0,0,,0,1,0
roster/results/v1p2/results/bulk-update/,_oneroster_results.post_results_bulk_update,apps/api/urls.py,,,,,,,0,0,0,0,0,,0,1,0
roster/results/v1p2/gradeBookEntries/,_oneroster_results.gradebook_entries_collection,apps/api/urls.py,,,,,,,0,0,0,0,0,,0,1,0
roster/results/v1p2/gradeBookEntries/<str:sourced_id>/,_oneroster_results.gradebook_entry_detail,apps/api/urls.py,,,,,,,0,0,0,0,0,,0,1,0
roster/results/v1p2/classes/<str:class_sourced_id>/gradeBookEntries.csv,_oneroster_results.gradebook_entries_csv,apps/api/urls.py,,,,,,,0,0,0,0,0,,0,1,0
roster/results/v1p2/classes/<str:class_sourced_id>/gradeBookEntries.pdf,_oneroster_results.gradebook_entries_pdf,apps/api/urls.py,,,,,,,0,0,0,0,0,,0,1,0
ai/smart-settings/,api_smart_settings_assistant,apps/api/urls.py,apps/portal/views_ai_product.py,func,require_http_methods(['POST']) | csrf_protect | login_required,,,,1,0,0,0,0,,0,0,0
ai/import-error-resolver/,api_import_error_resolver,apps/api/urls.py,apps/portal/views_ai_product.py,func,require_http_methods(['POST']) | csrf_protect | login_required,,,,1,0,0,0,0,,0,0,0
ai/guardrail-report/,api_guardrail_report_generator,apps/api/urls.py,apps/portal/views_ai_product.py,func,require_http_methods(['POST']) | csrf_protect | login_required,,,,1,0,0,0,0,,0,0,0
ai/guided-tour/,api_guided_tour_planner,apps/api/urls.py,apps/portal/views_ai_product.py,func,require_http_methods(['POST']) | csrf_protect | login_required,,,,1,0,0,0,0,,0,0,0
ai/tenant-maturity/,api_tenant_maturity,apps/api/urls.py,apps/portal/views_ai_gateway.py,func,"require_http_methods(['GET', 'POST']) | csrf_protect | login_required",,,,1,0,0,0,0,,0,0,0
ai/data-quality-assistant/,api_data_quality_assistant,apps/api/urls.py,apps/portal/views_ai_gateway.py,func,require_http_methods(['POST']) | csrf_protect | login_required,,,,1,0,0,0,0,,0,0,0
ai/marketplace-recommend/,api_marketplace_recommend,apps/api/urls.py,apps/portal/views_ai_gateway.py,func,require_http_methods(['POST']) | csrf_protect | login_required,,,,1,0,0,0,0,,0,0,0
ai/control-plane-intelligence/,api_control_plane_intelligence,apps/api/urls.py,apps/portal/views_ai_gateway.py,func,require_http_methods(['POST']) | csrf_protect | login_required,,,,1,0,0,0,0,,0,0,0
ai/interop-assistant/,api_interop_assistant,apps/api/urls.py,apps/portal/views_ai_gateway.py,func,require_http_methods(['POST']) | csrf_protect | login_required,,,,1,0,0,0,0,,0,0,0
ai/runtime-config-explain/,api_runtime_config_explain,apps/api/urls.py,apps/portal/views_ai_gateway.py,func,require_http_methods(['POST']) | csrf_protect | login_required,,,,1,0,0,0,0,,0,0,0
ai/observability-assistant/,api_observability_assistant,apps/api/urls.py,apps/portal/views_ai_gateway.py,func,require_http_methods(['POST']) | csrf_protect | login_required,,,,1,0,0,0,0,,0,0,0
ai/billing-usage-explain/,api_billing_usage_explain,apps/api/urls.py,apps/portal/views_ai_gateway.py,func,require_http_methods(['POST']) | csrf_protect | login_required,,,,1,0,0,0,0,,0,0,0
ai/trust-compliance-assistant/,api_trust_compliance_assistant,apps/api/urls.py,apps/portal/views_ai_gateway.py,func,require_http_methods(['POST']) | csrf_protect | login_required,,,,1,0,0,0,0,,0,0,0
ai/studio-os-assistant/,api_studio_os_assistant,apps/api/urls.py,apps/portal/views_ai_gateway.py,func,require_http_methods(['POST']) | csrf_protect | login_required,,,,1,0,0,0,0,,0,0,0
ai/onboarding-playbook/,api_onboarding_playbook_ask,apps/api/urls.py,apps/portal/views_workflow_playbook.py,func,require_http_methods(['POST']) | csrf_protect | login_required,,,,1,0,0,0,0,,0,0,0
ai/offboarding-playbook/,api_offboarding_playbook_ask,apps/api/urls.py,apps/portal/views_workflow_playbook.py,func,require_http_methods(['POST']) | csrf_protect | login_required,,,,1,0,0,0,0,,0,0,0
ai/mcp/tools/,api_mcp_list_tools,apps/api/urls.py,apps/portal/views_mcp_product.py,func,require_http_methods(['GET']) | login_required,,,,1,0,0,0,0,,0,0,0
ai/mcp/invoke/,api_mcp_invoke_tool,apps/api/urls.py,apps/portal/views_mcp_product.py,func,require_http_methods(['POST']) | csrf_protect | login_required,,,,1,0,0,0,0,,0,0,0
ai/feedback/,api_ai_feedback,apps/api/urls.py,apps/portal/views_ai_gateway.py,func,require_http_methods(['POST']) | csrf_protect | login_required,,,,1,0,0,0,0,,0,0,0
ai/support-session-rating/,api_support_session_rating,apps/api/urls.py,apps/portal/views_ai_gateway.py,func,require_http_methods(['POST']) | csrf_protect | login_required,,,,1,0,0,0,0,,0,0,0
schedules/<int:schedule_id>/conflicts/,ScheduleConflictsAPI.as_view,apps/api/urls.py,apps/academics/api_views.py,class,,IsAuthenticated,APIView,,1,0,0,0,0,,0,0,0
ministry/cartescolaire/,cartescolaire_placeholder,apps/api/urls.py,,,,,,,0,0,0,0,0,,0,1,0
ministry/dgi/,dgi_placeholder,apps/api/urls.py,,,,,,,0,0,0,0,0,,0,1,0
government/aggregates/,GovernmentAggregatesAPI.as_view,apps/api/urls.py,apps/api/government_views.py,class,require_GET | login_required,,View,,1,0,0,1,0,,0,0,0
config-diff/,ConfigDiffAPI.as_view,apps/api/urls.py,apps/api/config_diff_views.py,class,require_GET | login_required,,View,,1,0,0,1,0,,0,0,0
offline/replay_batch/,OfflineReplayBatchAPI.as_view,apps/api/urls.py,apps/api/offline_replay_views.py,class,extend_schema,IsAuthenticated,APIView,,1,0,0,0,0,,0,0,0
offline/delta/,DeltaSyncAPI.as_view,apps/api/urls.py,apps/api/sync_delta_api.py,class,extend_schema,IsAuthenticated,APIView,,1,0,0,0,0,,0,0,0
proximity/attendance/ingest/,ProximityAttendanceIngestAPI.as_view,apps/api/urls.py,apps/api/proximity_attendance_api.py,class,extend_schema,IsAuthenticated,APIView,,1,0,0,0,0,,0,0,0
pos/checkout/,PosCheckoutAPI.as_view,apps/api/urls.py,apps/api/pos_checkout_api.py,class,extend_schema,IsAuthenticated,APIView,,1,0,0,0,0,,0,0,0
transport/boarding/ingest/,BusBoardingIngestAPI.as_view,apps/api/urls.py,apps/api/boarding_monitor_api.py,class,extend_schema,IsAuthenticated,APIView,,1,0,0,0,0,,0,0,0
offline/prefetch_urls/,PrefetchUrlsAPI.as_view,apps/api/urls.py,apps/api/offline_replay_views.py,class,extend_schema,IsAuthenticated,APIView,,1,0,0,0,0,,0,0,0
offline/queue_metrics/,QueueMetricsAPI.as_view,apps/api/urls.py,apps/api/offline_replay_views.py,class,extend_schema,IsAuthenticated,APIView,,1,0,0,0,0,,0,0,0
offline/encryption-key/,OfflineQueueEncryptionKeyAPI.as_view,apps/api/urls.py,apps/api/offline_replay_views.py,class,extend_schema,IsAuthenticated,APIView,,1,0,0,0,0,,0,0,0
devices/offline-token/,OfflineTokenMintView.as_view,apps/api/urls.py,apps/api/offline_device_api.py,class,extend_schema_view,IsAuthenticated,APIView,,1,0,0,0,0,,0,0,0
offline/permission_snapshot/,PermissionSnapshotAPI.as_view,apps/api/urls.py,apps/api/iam_offline_api.py,class,extend_schema_view,IsAuthenticated,APIView,,1,0,0,0,0,,0,0,0
offline/iam_intent/,OfflineIamIntentAPI.as_view,apps/api/urls.py,apps/api/iam_offline_api.py,class,extend_schema_view,IsAuthenticated,APIView,,1,0,0,0,0,,0,0,0
sync/bundle/upload/,SyncBundleUploadView.as_view,apps/api/urls.py,apps/api/sync_bundle_api.py,class,extend_schema_view,IsAuthenticated,APIView,,1,0,0,0,0,,0,0,0
roadmap/regional-tax/,RegionalTaxConfigAPI.as_view,apps/api/urls.py,apps/api/roadmap_due_today_views.py,class,require_GET | login_required,,View,,1,0,0,0,0,,0,0,0
roadmap/graphql/,GraphQLStubAPI.as_view,apps/api/urls.py,apps/api/roadmap_due_today_views.py,class,require_GET | login_required,,View,,1,0,0,0,0,,0,0,0
roadmap/edge/,EdgeConfigAPI.as_view,apps/api/urls.py,apps/api/roadmap_due_today_views.py,class,require_GET | login_required,,View,,1,0,0,0,0,,0,0,0
roadmap/testing-matrix/,TestingMatrixAPI.as_view,apps/api/urls.py,apps/api/roadmap_due_today_views.py,class,require_GET | login_required,,View,,1,0,0,0,0,,0,0,0
roadmap/canary/,CanaryStatusAPI.as_view,apps/api/urls.py,apps/api/roadmap_due_today_views.py,class,require_GET | login_required,,View,,1,0,0,0,0,,0,0,0
roadmap/rpo-rto/,RPO_RTOConfigAPI.as_view,apps/api/urls.py,apps/api/roadmap_due_today_views.py,class,require_GET | login_required,,View,,1,0,0,0,0,,0,0,0
roadmap/cms/,CMSStubAPI.as_view,apps/api/urls.py,apps/api/roadmap_due_today_views.py,class,require_GET | login_required,,View,,1,0,0,0,0,,0,0,0
roadmap/feature-flags/,FeatureFlagsStatusAPI.as_view,apps/api/urls.py,apps/api/roadmap_due_today_views.py,class,require_GET | login_required,,View,,1,0,0,0,0,,0,0,0
roadmap/onboarding/,OnboardingStatusAPI.as_view,apps/api/urls.py,apps/api/roadmap_due_today_views.py,class,require_GET | login_required,,View,,1,0,0,0,0,,0,0,0
roadmap/support-copilot/,SupportCopilotStubAPI.as_view,apps/api/urls.py,apps/api/roadmap_due_today_views.py,class,require_GET | login_required,,View,,1,0,0,0,0,,0,0,0
roadmap/tenant-media/,TenantMediaStubAPI.as_view,apps/api/urls.py,apps/api/roadmap_due_today_views.py,class,require_GET | login_required,,View,,1,0,0,0,0,,0,0,0
roadmap/gap-ledger/,GapLedgerStatusAPI.as_view,apps/api/urls.py,apps/api/roadmap_due_today_views.py,class,require_GET | login_required,,View,,1,0,0,0,0,,0,0,0
roadmap/commercial-self-serve/,CommercialSelfServeAPI.as_view,apps/api/urls.py,apps/api/roadmap_extended_views.py,class,require_GET | login_required,,View,,1,0,0,0,0,,0,0,0
roadmap/quote-to-contract/,QuoteToContractStubAPI.as_view,apps/api/urls.py,apps/api/roadmap_extended_views.py,class,require_GET | login_required,,View,,1,0,0,0,0,,0,0,0
roadmap/bi-ad-hoc/,BIAdHocReportStubAPI.as_view,apps/api/urls.py,apps/api/roadmap_extended_views.py,class,require_GET | login_required,,View,,1,0,0,0,0,,0,0,0
roadmap/ml-registry/,MLRegistryStubAPI.as_view,apps/api/urls.py,apps/api/roadmap_extended_views.py,class,require_GET | login_required,,View,,1,0,0,0,0,,0,0,0
roadmap/or-tools-timetabling/,ORToolsTimetablingStubAPI.as_view,apps/api/urls.py,apps/api/roadmap_extended_views.py,class,require_GET | login_required,,View,,1,0,0,0,0,,0,0,0
roadmap/video-attendance-sync/,VideoAttendanceSyncStubAPI.as_view,apps/api/urls.py,apps/api/roadmap_extended_views.py,class,require_GET | login_required,,View,,1,0,0,0,0,,0,0,0
roadmap/dispute-payout/,DisputePayoutFlowsStubAPI.as_view,apps/api/urls.py,apps/api/roadmap_extended_views.py,class,require_GET | login_required,,View,,1,0,0,0,0,,0,0,0
roadmap/uk-term-preset/,UKTermPresetStubAPI.as_view,apps/api/urls.py,apps/api/roadmap_extended_views.py,class,require_GET | login_required,,View,,1,0,0,0,0,,0,0,0
roadmap/nested-tenancy/,NestedTenancyStubAPI.as_view,apps/api/urls.py,apps/api/roadmap_extended_views.py,class,require_GET | login_required,,View,,1,0,0,0,0,,0,0,0
roadmap/redis-tenant-cache/,RedisTenantCacheStubAPI.as_view,apps/api/urls.py,apps/api/roadmap_extended_views.py,class,require_GET | login_required,,View,,1,0,0,0,0,,0,0,0
roadmap/predictive-engine/,PredictiveEngineStubAPI.as_view,apps/api/urls.py,apps/api/roadmap_extended_views.py,class,require_GET | login_required,,View,,1,0,0,0,0,,0,0,0
roadmap/at-risk-dashboard/,AtRiskDashboardStubAPI.as_view,apps/api/urls.py,apps/api/roadmap_extended_views.py,class,require_GET | login_required,,View,,1,0,0,0,0,,0,0,0
roadmap/executive-dashboard/,ExecutiveDashboardStubAPI.as_view,apps/api/urls.py,apps/api/roadmap_extended_views.py,class,require_GET | login_required,,View,,1,0,0,0,0,,0,0,0
roadmap/locale-100-lang/,Locale100LangStubAPI.as_view,apps/api/urls.py,apps/api/roadmap_extended_views.py,class,require_GET | login_required,,View,,1,0,0,0,0,,0,0,0
roadmap/certification-badge-expiry/,CertificationBadgeExpiryStubAPI.as_view,apps/api/urls.py,apps/api/roadmap_extended_views.py,class,require_GET | login_required,,View,,1,0,0,0,0,,0,0,0
roadmap/nice-to-have-modules/,NiceToHaveModulesAPI.as_view,apps/api/urls.py,apps/api/roadmap_extended_views.py,class,require_GET | login_required,,View,,1,0,0,0,0,,0,0,0
manifest.json,api_v1_manifest,apps/api/urls_v1.py,,,,,,,0,0,0,0,0,,0,1,0
crdt/apply/,CRDTOpsApplyView.as_view,apps/api/urls_v1.py,apps/sync_engine/views_crdt.py,class,login_required,,View,,1,0,0,0,0,,0,0,0
runtime/calendar,school_calendar_runtime,apps/api/urls_v1.py,,,,,,,0,0,0,0,0,,0,1,0
runtime/grading-matrix,grading_matrix_runtime,apps/api/urls_v1.py,,,,,,,0,0,0,0,0,,0,1,0
runtime/defaults,runtime_defaults_snapshot,apps/api/urls_v1.py,,,,,,,0,0,0,0,0,,0,1,0
runtime/site-settings,site_settings_snapshot,apps/api/urls_v1.py,,,,,,,0,0,0,0,0,,0,1,0
runtime/feature-flags,feature_flags_runtime,apps/api/urls_v1.py,,,,,,,0,0,0,0,0,,0,1,0
runtime/structural-options,structural_options_runtime,apps/api/urls_v1.py,,,,,,,0,0,0,0,0,,0,1,0
runtime/structural-options/initialize,structural_options_initialize_runtime,apps/api/urls_v1.py,,,,,,,0,0,0,0,0,,0,1,0
webhooks/event-types/,WebhookEventTypesView.as_view,apps/api/urls_v1.py,apps/api/views_webhook_catalog.py,class,extend_schema,AllowAny,ApiSoftWarnHeaderMixin | APIView,,0,0,0,0,0,,0,0,0
marketplace/apps/,MarketplaceAppsListView.as_view,apps/api/urls_v1.py,apps/api/views_marketplace_catalog.py,class,extend_schema,AllowAny,ApiSoftWarnHeaderMixin | APIView,,0,0,0,0,0,,0,0,0
marketplace/scopes/,MarketplaceScopesListView.as_view,apps/api/urls_v1.py,apps/api/views_marketplace_catalog.py,class,extend_schema,AllowAny,ApiSoftWarnHeaderMixin | APIView,,0,0,0,0,0,,0,0,0
marketplace/submissions/,MarketplaceSubmissionView.as_view,apps/api/urls_v1.py,apps/api/views_marketplace_submissions.py,class,extend_schema,IsAuthenticated,ApiSoftWarnHeaderMixin | APIView,,1,0,0,0,0,,0,0,0
migration-jobs/<str:job_id>/,MigrationJobStatusView.as_view,apps/api/urls_v1.py,apps/api/views_migration_jobs.py,class,extend_schema,IsAuthenticated,ApiSoftWarnHeaderMixin | APIView,,1,0,0,0,0,,0,0,0
migration-jobs/<str:job_id>/errors.csv,MigrationJobErrorsCsvView.as_view,apps/api/urls_v1.py,apps/api/views_migration_jobs.py,class,extend_schema,IsAuthenticated,ApiSoftWarnHeaderMixin | APIView,,1,0,0,0,0,,0,0,0
me/schools,views_v1.MeSchoolsView.as_view,apps/api/urls_v1.py,apps/api/views_v1.py,class,,,View,,1,0,0,1,0,,0,0,0
me/switch-school,views_v1.MeSwitchSchoolView.as_view,apps/api/urls_v1.py,apps/api/views_v1.py,class,require_http_methods(['POST']),,View,,1,0,0,1,0,,0,0,0
tenants/provision,views_v1.TenantsProvisionView.as_view,apps/api/urls_v1.py,apps/api/views_v1.py,class,,,View,,1,0,0,1,0,,0,0,0
config/education-templates,views_v1.EducationTemplatesView.as_view,apps/api/urls_v1.py,apps/api/views_v1.py,class,,,View,,1,0,0,1,0,,0,0,0
config/integration-catalog,views_v1.IntegrationCatalogView.as_view,apps/api/urls_v1.py,apps/api/views_v1.py,class,,,View,,1,0,0,1,0,,0,0,0
student/passport/<uuid:global_id>,views_v1.StudentPassportView.as_view,apps/api/urls_v1.py,apps/api/views_v1.py,class,,,View,,1,0,0,1,0,,0,0,0
student/transfer,views_v1.StudentTransferView.as_view,apps/api/urls_v1.py,apps/api/views_v1.py,class,require_http_methods(['POST']),,View,,1,0,0,1,0,,0,0,0
attendance/bulk,views_v1.AttendanceBulkView.as_view,apps/api/urls_v1.py,apps/api/views_v1.py,class,require_http_methods(['POST']),,View,,1,0,0,1,0,,0,0,0
attendance/export,views_v1.AttendanceExportView.as_view,apps/api/urls_v1.py,apps/api/views_v1.py,class,,,View,,1,0,0,1,0,,0,0,0
vocational/log-hours,views_v1.VocationalLogHoursView.as_view,apps/api/urls_v1.py,apps/api/views_v1.py,class,require_http_methods(['POST']),,View,,1,0,0,1,0,,0,0,0
vocational/verify-skill,views_v1.VocationalVerifySkillView.as_view,apps/api/urls_v1.py,apps/api/views_v1.py,class,require_http_methods(['PATCH']),,View,,1,0,0,1,0,,0,0,0
vocational/digital-badge/<int:student_id>,views_v1.VocationalDigitalBadgeView.as_view,apps/api/urls_v1.py,apps/api/views_v1.py,class,,,View,,1,0,0,1,0,,0,0,0
vocational/certifications-expiring,views_v1.VocationalCertificationsExpiringView.as_view,apps/api/urls_v1.py,apps/api/views_v1.py,class,,,View,,1,0,0,1,0,,0,0,0
scheduler/generate,views_v1.SchedulerGenerateView.as_view,apps/api/urls_v1.py,apps/api/views_v1.py,class,require_http_methods(['POST']),,View,,1,0,0,1,0,,0,0,0
scheduler/validate,views_v1.SchedulerValidateView.as_view,apps/api/urls_v1.py,apps/api/views_v1.py,class,,,View,,1,0,0,1,0,,0,0,0
syllabus/pacing,views_v1.SyllabusPacingView.as_view,apps/api/urls_v1.py,apps/api/views_v1.py,class,,,View,,1,0,0,1,0,,0,0,0
super/pulse,views_v1.SuperPulseView.as_view,apps/api/urls_v1.py,apps/api/views_v1.py,class,,,View,,1,0,0,1,0,,0,0,0
super/usage,views_v1.SuperUsageView.as_view,apps/api/urls_v1.py,apps/api/views_v1.py,class,,,View,,1,0,0,1,0,,0,0,0
super/recovery-rate,views_v1.SuperRecoveryRateView.as_view,apps/api/urls_v1.py,apps/api/views_v1.py,class,,,View,,1,0,0,1,0,,0,0,0
super/tenant-health,views_v1.SuperTenantHealthView.as_view,apps/api/urls_v1.py,apps/api/views_v1.py,class,,,View,,1,0,0,1,0,,0,0,0
super/tenant-inspect/<int:school_id>/,OperatorTenantInspectView.as_view,apps/api/urls_v1.py,apps/platform_runtime/views_operator_tenant_inspect.py,class,login_required,'apps.platform_runtime.permissions.IsJITAuthorizedOperator',View,,1,0,0,1,0,,0,0,0
super/schools,views_v1.SuperSchoolsListView.as_view,apps/api/urls_v1.py,apps/api/views_v1.py,class,,,View,,1,0,0,1,0,,0,0,0
rosetta/convert,views_v1.RosettaConvertView.as_view,apps/api/urls_v1.py,apps/api/views_v1.py,class,,,View,,1,0,0,1,0,,0,0,0
rosetta/scales,views_v1.RosettaScalesView.as_view,apps/api/urls_v1.py,apps/api/views_v1.py,class,,,View,,1,0,0,1,0,,0,0,0
reports/regulatory-presets,views_v1.RegulatoryPresetsView.as_view,apps/api/urls_v1.py,apps/api/views_v1.py,class,,,View,,1,0,0,1,0,,0,0,0
reports/regulatory-export,views_v1.RegulatoryExportView.as_view,apps/api/urls_v1.py,apps/api/views_v1.py,class,,,View,,1,0,0,1,0,,0,0,0
attendance/bulk-update,views_v1.AttendanceBulkUpdateView.as_view,apps/api/urls_v1.py,apps/api/views_v1.py,class,,,View,,1,0,0,1,0,,0,0,0
billing/quote/<int:quote_id>/accept,views_v1.BillingQuoteAcceptView.as_view,apps/api/urls_v1.py,apps/api/views_v1.py,class,,,View,,1,0,0,1,0,,0,0,0
finance/disputes,views_v1.PaymentDisputeListView.as_view,apps/api/urls_v1.py,apps/api/views_v1.py,class,,,View,,1,0,0,1,0,,0,0,0
finance/disputes/<uuid:id>,views_v1.PaymentDisputeResolveView.as_view,apps/api/urls_v1.py,apps/api/views_v1.py,class,,,View,,1,0,0,1,0,,0,0,0
reports/adhoc,views_v1.AdHocReportListCreateView.as_view,apps/api/urls_v1.py,apps/api/views_v1.py,class,,,View,,1,0,0,1,0,,0,0,0
reports/adhoc/<int:id>/run,views_v1.AdHocReportRunView.as_view,apps/api/urls_v1.py,apps/api/views_v1.py,class,,,View,,1,0,0,1,0,,0,0,0
video/sessions,views_v1.VideoSessionListCreateView.as_view,apps/api/urls_v1.py,apps/api/views_v1.py,class,,,View,,1,0,0,1,0,,0,0,0
video/sessions/<int:id>/attendance-sync,views_v1.VideoAttendanceSyncView.as_view,apps/api/urls_v1.py,apps/api/views_v1.py,class,,,View,,1,0,0,1,0,,0,0,0
tenants/children,views_v1.TenantChildrenView.as_view,apps/api/urls_v1.py,apps/api/views_v1.py,class,,,View,,1,0,0,1,0,,0,0,0
reports/emis/prepare,views_v1.EMISPrepareView.as_view,apps/api/urls_v1.py,apps/api/views_v1.py,class,,,View,,1,0,0,1,0,,0,0,0
reports/emis/<int:id>/submit,views_v1.EMISSubmitView.as_view,apps/api/urls_v1.py,apps/api/views_v1.py,class,,,View,,1,0,0,1,0,,0,0,0
social/feed/,SocialFeedAPI.as_view,apps/api/urls_v1.py,apps/social_media/api_views.py,class,,IsAuthenticated,APIView,,1,0,0,0,0,,0,0,0
social/publish/,SocialPublishAPI.as_view,apps/api/urls_v1.py,apps/social_media/api_views.py,class,,IsAuthenticated | IsAdminUser,APIView,,1,0,0,0,0,,0,0,0
social/moderation/,SocialModerationAPI.as_view,apps/api/urls_v1.py,apps/social_media/api_views.py,class,,IsAuthenticated | IsAdminUser,APIView,,1,0,0,0,0,,0,0,0
social/moderation/<uuid:item_id>/,SocialModerationAPI.as_view,apps/api/urls_v1.py,apps/social_media/api_views.py,class,,IsAuthenticated | IsAdminUser,APIView,,1,0,0,0,0,,0,0,0
social/analytics/pulse/,SocialAnalyticsPulseAPI.as_view,apps/api/urls_v1.py,apps/social_media/api_views.py,class,,IsAuthenticated | IsAdminUser,APIView,,1,0,0,0,0,,0,0,0
social/attribution/,SocialAttributionAPI.as_view,apps/api/urls_v1.py,apps/social_media/api_views.py,class,,IsAuthenticated | IsAdminUser,APIView,,1,0,0,0,0,,0,0,0
ping/,views_v2.ApiV2PingView.as_view,apps/api/urls_v2.py,apps/api/views_v2.py,class,require_GET,,View,,1,0,0,0,0,"liveness probe — no PII, no state",0,0,0
manifest.json,views_v2.ApiV2ManifestView.as_view,apps/api/urls_v2.py,apps/api/views_v2.py,class,require_GET,,View,,1,0,0,0,0,API manifest — public capability/version listing,0,0,0
token/,oauth_views.OAuthTokenView.as_view,apps/apicenter/oauth_urls.py,apps/apicenter/oauth_views.py,class,csrf_exempt,,View,,1,0,0,0,0,oauth-client-credentials-token-exchange-rfc6749,0,0,0
authorize/,oauth_views.oauth_authorize,apps/apicenter/oauth_urls.py,apps/apicenter/oauth_views.py,func,require_GET | login_required,,,,1,0,0,0,0,,0,0,0
,views.api_center_dashboard,apps/apicenter/urls.py,apps/apicenter/views.py,func,login_required | require_GET | csrf_protect,,,,1,0,0,0,0,,0,0,0
toggle/<slug:slug>/,views.api_center_toggle,apps/apicenter/urls.py,apps/apicenter/views.py,func,login_required | require_POST | csrf_protect,,,,1,0,0,0,0,,0,0,0
docs/,views.api_portal_docs,apps/apicenter/urls.py,apps/apicenter/views.py,func,login_required | require_GET,,,,1,0,0,0,0,,0,0,0
webhooks/,views.webhook_docs,apps/apicenter/urls.py,apps/apicenter/views.py,func,login_required | require_GET,,,,1,0,0,0,0,,0,0,0
keys/,views.api_keys,apps/apicenter/urls.py,apps/apicenter/views.py,func,login_required | require_GET,,,,1,0,0,0,0,,0,0,0
keys/create/,views.api_key_create,apps/apicenter/urls.py,apps/apicenter/views.py,func,login_required | require_POST | csrf_protect,,,,1,0,0,0,0,,0,0,0
keys/<int:key_id>/revoke/,views.api_key_revoke,apps/apicenter/urls.py,apps/apicenter/views.py,func,login_required | require_POST | csrf_protect,,,,1,0,0,0,0,,0,0,0
webhooks/create/,views.webhook_subscription_create,apps/apicenter/urls.py,apps/apicenter/views.py,func,login_required | csrf_protect,,,,1,0,0,0,0,,0,0,0
webhooks/<int:pk>/edit/,views.webhook_subscription_edit,apps/apicenter/urls.py,apps/apicenter/views.py,func,"login_required | require_http_methods(['GET', 'POST']) | csrf_protect",,,,1,0,0,0,0,,0,0,0
webhooks/<int:pk>/delete/,views.webhook_subscription_delete,apps/apicenter/urls.py,apps/apicenter/views.py,func,login_required | require_POST | csrf_protect,,,,1,0,0,0,0,,0,0,0
sdk/,views.sdk_docs,apps/apicenter/urls.py,apps/apicenter/views.py,func,login_required | require_GET,,,,1,0,0,0,0,,0,0,0
certification/,views.app_certification,apps/apicenter/urls.py,apps/apicenter/views.py,func,login_required | require_GET,,,,1,0,0,0,0,,0,0,0
sandbox/,views.partner_sandbox,apps/apicenter/urls.py,apps/apicenter/views.py,func,login_required | require_GET,,,,1,0,0,0,0,,0,0,0
registry.json,views.registry_introspect,apps/assist_dock/urls.py,apps/assist_dock/views.py,func,require_control_plane_access | require_safe,,,,1,1,0,0,0,assist-dock-registry-staff-introspection-staff-staff,0,0,0
context.json,views.dock_context_view,apps/assist_dock/urls.py,apps/assist_dock/views.py,func,require_safe,,,,1,0,0,1,0,,0,0,0
context/stream/,views.dock_context_stream_view,apps/assist_dock/urls.py,apps/assist_dock/views.py,func,login_required | require_safe,,,,1,0,0,0,0,assist-dock-context-stream-authenticated-user-sse-channel,0,0,0
translate/,power_views.translate_landing,apps/assist_dock/urls.py,apps/assist_dock/power_views.py,func,login_required | require_safe,,,,1,0,0,0,0,assist-dock-translate-landing-authenticated-locale-picker,0,0,0
share/,power_views.share_landing,apps/assist_dock/urls.py,apps/assist_dock/power_views.py,func,login_required | require_safe,,,,1,0,0,0,0,assist-dock-share-landing-authenticated-page-url-sheet,0,0,0
theme/,power_views.theme_landing,apps/assist_dock/urls.py,apps/assist_dock/power_views.py,func,login_required | require_safe,,,,1,0,0,0,0,assist-dock-theme-landing-authenticated-aesthetic-picker,0,0,0
inspect/,power_views.inspect_landing,apps/assist_dock/urls.py,apps/assist_dock/power_views.py,func,require_control_plane_access | require_safe,,,,1,1,0,0,0,assist-dock-inspect-landing-super-only-rbac-overlay,0,0,0
impersonate/,power_views.impersonate_landing,apps/assist_dock/urls.py,apps/assist_dock/power_views.py,func,require_control_plane_access | require_safe,,,,1,1,0,0,0,assist-dock-impersonate-landing-super-only-role-switch,0,0,0
prefs.json,power_views.prefs_view,apps/assist_dock/urls.py,apps/assist_dock/power_views.py,func,"login_required | require_http_methods(['GET', 'POST']) | csrf_protect",,,,1,0,0,0,0,assist-dock-prefs-authenticated-user-pk-own-row-public-schema-shared,0,0,0
ai/actions.json,views_ai.list_ai_actions,apps/assist_dock/urls.py,apps/assist_dock/views_ai.py,func,login_required | require_safe,,,,1,0,0,0,0,assist-dock-ai-actions-list-authenticated-registry-introspection,0,0,0
ai/<str:action_id>/,views_ai.invoke_ai_action_view,apps/assist_dock/urls.py,apps/assist_dock/views_ai.py,func,login_required | require_http_methods(['POST']) | csrf_protect,,,,1,0,0,0,0,assist-dock-ai-invoke-authenticated-page-aware-action-dispatch,0,0,0
insights.json,views_ai.list_insights_view,apps/assist_dock/urls.py,apps/assist_dock/views_ai.py,func,login_required | require_safe,,,,1,0,0,0,0,assist-dock-insights-list-authenticated-user-pk-process-ring,0,0,0
insights/clear/,views_ai.clear_insight_view,apps/assist_dock/urls.py,apps/assist_dock/views_ai.py,func,login_required | require_http_methods(['POST']) | csrf_protect,,,,1,0,0,0,0,assist-dock-insights-clear-authenticated-user-pk-own-ring-entry,0,0,0
presence/heartbeat/,views_presence.presence_heartbeat,apps/assist_dock/urls.py,apps/assist_dock/views_presence.py,func,login_required | require_http_methods(['POST']) | csrf_protect,,,,1,0,0,0,0,assist-dock-presence-heartbeat-authenticated-user-page-keyed,0,0,0
presence/list.json,views_presence.presence_list,apps/assist_dock/urls.py,apps/assist_dock/views_presence.py,func,login_required | require_safe,,,,1,0,0,0,0,assist-dock-presence-list-authenticated-page-keyed-exclude-self,0,0,0
presence/,power_views.presence_landing,apps/assist_dock/urls.py,apps/assist_dock/power_views.py,func,login_required | require_safe,,,,1,0,0,0,0,assist-dock-presence-landing-authenticated-page-keyed-overlay,0,0,0
settings/,power_views.settings_landing,apps/assist_dock/urls.py,apps/assist_dock/power_views.py,func,login_required | require_safe,,,,1,0,0,0,0,assist-dock-settings-landing-authenticated-user-prefs-editor,0,0,0
share/mint/,views_share.mint_share_link,apps/assist_dock/urls.py,apps/assist_dock/views_share.py,func,login_required | require_http_methods(['POST']) | csrf_protect,,,,1,0,0,0,0,assist-dock-share-mint-authenticated-user-target-allowed-host,0,0,0
s/<str:token>/,views_share.resolve_share_link,apps/assist_dock/urls.py,apps/assist_dock/views_share.py,func,require_safe,,,,1,0,0,0,0,assist-dock-share-resolve-anonymous-token-redirect-expires-24h-default,0,0,0
wave/,views_wave.wave_at_view,apps/assist_dock/urls.py,apps/assist_dock/views_wave.py,func,login_required | require_http_methods(['POST']) | csrf_protect,,,,1,0,0,0,0,assist-dock-wave-at-authenticated-target-must-be-co-viewer-rate-limited,0,0,0
share/mint-and-email/,views_share.mint_and_email_share_link,apps/assist_dock/urls.py,apps/assist_dock/views_share.py,func,login_required | require_http_methods(['POST']) | csrf_protect,,,,1,0,0,0,0,assist-dock-share-mint-and-email-authenticated-user-rfc5321-validated,0,0,0
cursors/heartbeat/,views_cursors.cursor_heartbeat,apps/assist_dock/urls.py,apps/assist_dock/views_cursors.py,func,login_required | require_http_methods(['POST']) | csrf_protect,,,,1,0,0,0,0,assist-dock-cursor-heartbeat-authenticated-user-in-memory-volatile-4hz,0,0,0
cursors/list.json,views_cursors.cursor_list,apps/assist_dock/urls.py,apps/assist_dock/views_cursors.py,func,login_required | require_safe,,,,1,0,0,0,0,assist-dock-cursor-list-authenticated-page-keyed-exclude-self,0,0,0
impersonation/,views_impersonation.impersonation_picker,apps/assist_dock/urls.py,apps/assist_dock/views_impersonation.py,func,login_required | _require_super | require_safe,,,,1,0,0,0,0,assist-dock-impersonation-picker-super-only-dual-control-landing,0,0,0
impersonation/request/,views_impersonation.impersonation_request,apps/assist_dock/urls.py,apps/assist_dock/views_impersonation.py,func,login_required | _require_super | require_http_methods(['POST']) | csrf_protect,,,,1,0,0,0,0,assist-dock-impersonation-request-super-only-create-requested-grant,0,0,0
impersonation/approve/,views_impersonation.impersonation_approve,apps/assist_dock/urls.py,apps/assist_dock/views_impersonation.py,func,login_required | _require_super | require_http_methods(['POST']) | csrf_protect,,,,1,0,0,0,0,assist-dock-impersonation-approve-super-only-not-grantor-dual-control,0,0,0
impersonation/revoke/,views_impersonation.impersonation_revoke,apps/assist_dock/urls.py,apps/assist_dock/views_impersonation.py,func,login_required | _require_super | require_http_methods(['POST']) | csrf_protect,,,,1,0,0,0,0,assist-dock-impersonation-revoke-super-only-any-non-consumed-state,0,0,0
impersonation/start/,views_impersonation.impersonation_start,apps/assist_dock/urls.py,apps/assist_dock/views_impersonation.py,func,login_required | _require_super | require_http_methods(['POST']) | csrf_protect,,,,1,0,0,0,0,assist-dock-impersonation-start-super-only-consume-approved-grant,0,0,0
impersonation/stop/,views_impersonation.impersonation_stop,apps/assist_dock/urls.py,apps/assist_dock/views_impersonation.py,func,login_required | require_http_methods(['POST']) | csrf_protect,,,,1,0,0,0,0,assist-dock-impersonation-stop-authenticated-self-session-only,0,0,0
impersonation/stop-redirect/,views_impersonation.impersonation_stop_and_redirect,apps/assist_dock/urls.py,apps/assist_dock/views_impersonation.py,func,login_required | require_http_methods(['POST']) | csrf_protect,,,,1,0,0,0,0,assist-dock-impersonation-stop-redirect-authenticated-self-session-only,0,0,0
impersonation/banner-state.json,views_impersonation.impersonation_banner_state,apps/assist_dock/urls.py,apps/assist_dock/views_impersonation.py,func,login_required | require_safe,,,,1,0,0,0,0,assist-dock-impersonation-banner-state-authenticated-self-session-poll,0,0,0
,views.coach_dashboard,apps/athletics/urls.py,,,,,,,0,0,0,0,0,,0,1,0
teams/<int:team_id>/,views.coach_team_detail,apps/athletics/urls.py,,,,,,,0,0,0,0,0,,0,1,0
teams/<int:team_id>/eligibility/,views.coach_eligibility,apps/athletics/urls.py,,,,,,,0,0,0,0,0,,0,1,0
teams/<int:team_id>/fixtures/,views.coach_fixtures,apps/athletics/urls.py,,,,,,,0,0,0,0,0,,0,1,0
teams/<int:team_id>/fixtures/schedule/,views.coach_schedule_fixture,apps/athletics/urls.py,,,,,,,0,0,0,0,0,,0,1,0
teams/<int:team_id>/members/add/,views.coach_add_member,apps/athletics/urls.py,,,,,,,0,0,0,0,0,,0,1,0
fixtures/<int:fixture_id>/result/,views.coach_record_result,apps/athletics/urls.py,,,,,,,0,0,0,0,0,,0,1,0
fixtures/<int:fixture_id>/cancel/,views.coach_cancel_fixture,apps/athletics/urls.py,,,,,,,0,0,0,0,0,,0,1,0
memberships/<int:membership_id>/request-consent/,views.coach_request_consent,apps/athletics/urls.py,,,,,,,0,0,0,0,0,,0,1,0
my-team/,views.family_my_team,apps/athletics/urls.py,,,,,,,0,0,0,0,0,,0,1,0
admin/seasons/,views.admin_seasons,apps/athletics/urls.py,,,,,,,0,0,0,0,0,,0,1,0
admin/fixtures/,views.admin_fixtures,apps/athletics/urls.py,,,,,,,0,0,0,0,0,,0,1,0
outcomes/,views.outcomes_console,apps/automation/urls.py,apps/automation/views.py,func,login_required | user_passes_test(_staff_required),,,,1,0,0,0,0,,0,0,0
workflow-template-gallery/,views_workflow_gallery.workflow_template_gallery,apps/automation/urls.py,apps/automation/views_workflow_gallery.py,func,login_required | user_passes_test(_staff_required),,,,1,0,0,0,0,,0,0,0
workflow-template-gallery/<slug:template_id>/dry-run/,views_workflow_gallery.workflow_template_dry_run,apps/automation/urls.py,apps/automation/views_workflow_gallery.py,func,login_required | user_passes_test(_staff_required),,,,1,0,0,0,0,,0,0,0
workflows/designer/,views_visual_workflow.visual_workflow_designer,apps/automation/urls.py,apps/automation/views_visual_workflow.py,func,never_cache | login_required | require_http_methods(['GET']),,,,1,0,0,0,0,,0,0,0
workflows/api/list/,views_visual_workflow.visual_workflow_list,apps/automation/urls.py,apps/automation/views_visual_workflow.py,func,require_http_methods(['GET']) | login_required,,,,1,0,0,0,0,,0,0,0
workflows/api/save-graph/,views_visual_workflow.visual_workflow_save_graph,apps/automation/urls.py,apps/automation/views_visual_workflow.py,func,require_http_methods(['POST']) | login_required,,,,1,0,0,0,0,,0,0,0
workflows/api/simulate/,views_visual_workflow.visual_workflow_simulate,apps/automation/urls.py,apps/automation/views_visual_workflow.py,func,require_http_methods(['POST']) | login_required,,,,1,0,0,0,0,,0,0,0
workflows/api/dispatch-test/,views_visual_workflow.visual_workflow_dispatch_test,apps/automation/urls.py,apps/automation/views_visual_workflow.py,func,require_http_methods(['POST']) | login_required,,,,1,0,0,0,0,,0,0,0
workflows/api/validate-graph/,views_visual_workflow.visual_workflow_validate_graph,apps/automation/urls.py,apps/automation/views_visual_workflow.py,func,require_http_methods(['POST']) | login_required,,,,1,0,0,0,0,,0,0,0
workflows/api/publish/,views_visual_workflow.visual_workflow_publish,apps/automation/urls.py,apps/automation/views_visual_workflow.py,func,require_http_methods(['POST']) | login_required,,,,1,0,0,0,0,,0,0,0
workflows/api/rollback/,views_visual_workflow.visual_workflow_rollback,apps/automation/urls.py,apps/automation/views_visual_workflow.py,func,require_http_methods(['POST']) | login_required,,,,1,0,0,0,0,,0,0,0
,tenant_template_marketplace,apps/brand_experience/urls_template_marketplace.py,apps/brand_experience/views_template_marketplace.py,func,login_required | require_http_methods(['GET']),,,,1,0,0,0,0,,0,0,0
recommend/,tenant_template_ai_recommendation,apps/brand_experience/urls_template_marketplace.py,apps/brand_experience/views_template_marketplace.py,func,login_required | require_http_methods(['GET']),,,,1,0,0,0,0,,0,0,0
local/<str:country_code>/,tenant_local_first_catalog,apps/brand_experience/urls_template_marketplace.py,apps/brand_experience/views_template_marketplace.py,func,login_required | require_http_methods(['GET']),,,,1,0,0,0,0,,0,0,0
<slug:key>/,tenant_template_detail,apps/brand_experience/urls_template_marketplace.py,apps/brand_experience/views_template_marketplace.py,func,login_required | require_http_methods(['GET']),,,,1,0,0,0,0,,0,0,0
<slug:key>/preview/,tenant_template_preview,apps/brand_experience/urls_template_marketplace.py,apps/brand_experience/views_template_marketplace.py,func,login_required | require_http_methods(['GET']),,,,1,0,0,0,0,,0,0,0
<slug:key>/compare/,tenant_template_compare,apps/brand_experience/urls_template_marketplace.py,apps/brand_experience/views_template_marketplace.py,func,login_required | require_http_methods(['GET']),,,,1,0,0,0,0,,0,0,0
<slug:key>/apply/,tenant_template_apply,apps/brand_experience/urls_template_marketplace.py,apps/brand_experience/views_template_marketplace.py,func,"login_required | require_http_methods(['GET', 'POST'])",,,,1,0,0,0,0,,0,0,0
<slug:key>/rollback/,tenant_template_rollback,apps/brand_experience/urls_template_marketplace.py,apps/brand_experience/views_template_marketplace.py,func,"login_required | require_http_methods(['GET', 'POST'])",,,,1,0,0,0,0,,0,0,0
<slug:key>/customize/,tenant_template_customize,apps/brand_experience/urls_template_marketplace.py,apps/brand_experience/views_template_marketplace.py,func,"login_required | require_http_methods(['GET', 'POST'])",,,,1,0,0,0,0,,0,0,0
preferences/consent/,views_preferences.consent_preferences,apps/communication/urls.py,apps/communication/views_preferences.py,func,"login_required | require_http_methods(['GET', 'POST'])",,,,1,0,0,0,0,,0,0,0
groups/,views_groups.group_list,apps/communication/urls.py,apps/communication/views_groups.py,func,login_required,,,,1,0,0,0,0,,0,0,0
groups/create/,views_groups.group_create,apps/communication/urls.py,apps/communication/views_groups.py,func,login_required,,,,1,0,0,0,0,,0,0,0
groups/<int:thread_id>/,views_groups.group_detail,apps/communication/urls.py,apps/communication/views_groups.py,func,login_required,,,,1,0,0,0,0,,0,0,0
groups/<int:thread_id>/manage/,views_groups.group_manage,apps/communication/urls.py,apps/communication/views_groups.py,func,login_required,,,,1,0,0,0,0,,0,0,0
groups/<int:thread_id>/join/,views_groups.group_join,apps/communication/urls.py,apps/communication/views_groups.py,func,login_required,,,,1,0,0,0,0,,0,0,0
groups/<int:thread_id>/leave/,views_groups.group_leave,apps/communication/urls.py,apps/communication/views_groups.py,func,login_required,,,,1,0,0,0,0,,0,0,0
groups/<int:thread_id>/messages-since/,views_groups.group_messages_since,apps/communication/urls.py,apps/communication/views_groups.py,func,login_required,,,,1,0,0,0,0,,0,0,0
groups/attachment/<int:attachment_id>/,views_groups.group_attachment_download,apps/communication/urls.py,apps/communication/views_groups.py,func,login_required,,,,1,0,0,0,0,,0,0,0
groups/<int:thread_id>/message/<int:message_id>/edit/,views_groups.group_message_edit,apps/communication/urls.py,apps/communication/views_groups.py,func,login_required,,,,1,0,0,0,0,,0,0,0
groups/<int:thread_id>/message/<int:message_id>/delete/,views_groups.group_message_delete,apps/communication/urls.py,apps/communication/views_groups.py,func,login_required,,,,1,0,0,0,0,,0,0,0
groups/<int:thread_id>/mute/,views_groups.group_mute_toggle,apps/communication/urls.py,apps/communication/views_groups.py,func,login_required,,,,1,0,0,0,0,,0,0,0
groups/<int:thread_id>/typing/,views_groups.group_typing,apps/communication/urls.py,apps/communication/views_groups.py,func,login_required,,,,1,0,0,0,0,,0,0,0
announcements/create/,views_announcements.announcement_create,apps/communication/urls.py,apps/communication/views_announcements.py,func,login_required,,,,1,0,0,0,0,,0,0,0
announcements/class/,views_announcements.class_announcement_create,apps/communication/urls.py,apps/communication/views_announcements.py,func,"login_required | role_required(User.Role.TEACHER, User.Role.ADMIN, User.Role.LEADERSHIP, User.Role.HOD)",,,"User.Role.ADMIN,User.Role.HOD,User.Role.LEADERSHIP,User.Role.TEACHER",1,1,0,0,0,,0,0,0
announcements/pending/,views_announcements.announcement_list_pending,apps/communication/urls.py,apps/communication/views_announcements.py,func,login_required,,,,1,0,0,0,0,,0,0,0
announcements/<int:announcement_id>/,views_announcements.announcement_detail,apps/communication/urls.py,apps/communication/views_announcements.py,func,login_required,,,,1,0,0,0,0,,0,0,0
announcements/<int:announcement_id>/edit/,views_announcements.announcement_edit,apps/communication/urls.py,apps/communication/views_announcements.py,func,login_required,,,,1,0,0,0,0,,0,0,0
announcements/<int:announcement_id>/approve/,views_announcements.announcement_approve,apps/communication/urls.py,apps/communication/views_announcements.py,func,login_required | require_http_methods(['POST']) | csrf_protect,,,,1,0,0,0,0,,0,0,0
announcements/department/,views_announcements.department_announcement_create,apps/communication/urls.py,apps/communication/views_announcements.py,func,login_required,,,,1,0,0,0,0,,0,0,0
narratives/,views_narrative.narrative_list,apps/communication/urls.py,apps/communication/views_narrative.py,func,login_required | require_http_methods(['GET']),,,,1,0,0,0,0,,0,0,0
narratives/<int:narrative_id>/approve/,views_narrative.narrative_approve,apps/communication/urls.py,apps/communication/views_narrative.py,func,"login_required | require_http_methods(['GET', 'POST'])",,,,1,0,0,0,0,,0,0,0
dashboard/,ComplianceDashboardView.as_view,apps/compliance/urls.py,apps/compliance/views_dashboard.py,class,login_required | user_passes_test(is_admin_or_staff),,View,,1,0,0,0,0,,0,0,0
auditor/inspect/,auditor_inspect,apps/compliance/urls.py,apps/compliance/views_auditor.py,func,,,,,1,0,0,0,0,signed-auditor-grant-token-plus-ip-allowlist-in-view,0,0,0
auditor/grants/,AuditorGrantConsoleView.as_view,apps/compliance/urls.py,apps/compliance/views_auditor.py,class,require_control_plane_access,,View,,1,1,0,0,0,auditor-magic-link-token-gated-anonymous-pii-masked-readonly,0,0,0
data-quality/,data_quality_center,apps/compliance/urls.py,apps/compliance/views_data_quality.py,func,login_required,,,,1,0,0,0,0,,0,0,0
data-rights/queue/,data_rights_queue,apps/compliance/urls.py,apps/compliance/views_queue.py,func,login_required | user_passes_test(_is_data_rights_operator) | require_GET,,,,1,0,0,0,0,,0,0,0
ferpa/disclosure/<int:pk>/,ferpa_disclosure_detail,apps/compliance/urls.py,apps/compliance/views_ferpa.py,func,login_required | user_passes_test(_is_ferpa_officer) | require_GET | audit_pii_view,,,,1,0,0,0,0,,0,0,0
data-rights/erase/<int:pk>/approve/,approve_erase,apps/compliance/urls.py,apps/compliance/views_queue.py,func,login_required | user_passes_test(_is_data_rights_operator) | require_POST,,,,1,0,0,0,0,,0,0,0
data-rights/erase/<int:pk>/reject/,reject_erase,apps/compliance/urls.py,apps/compliance/views_queue.py,func,login_required | user_passes_test(_is_data_rights_operator) | require_POST,,,,1,0,0,0,0,,0,0,0
data-rights/erase/<int:pk>/complete/,complete_erase,apps/compliance/urls.py,apps/compliance/views_queue.py,func,login_required | user_passes_test(_is_data_rights_operator) | require_POST,,,,1,0,0,0,0,,0,0,0
data-rights/export/<int:pk>/complete/,complete_export,apps/compliance/urls.py,apps/compliance/views_queue.py,func,login_required | user_passes_test(_is_data_rights_operator) | require_POST,,,,1,0,0,0,0,,0,0,0
api/overview/,ComplianceOverviewAPI.as_view,apps/compliance/urls.py,apps/compliance/views.py,class,login_required | user_passes_test(is_admin_or_staff) | ratelimit,,View,,1,0,0,0,0,,0,0,0
api/regional-metrics/,RegionalMetricsAPI.as_view,apps/compliance/urls.py,apps/compliance/views.py,class,login_required | user_passes_test(is_admin_or_staff) | ratelimit,,View,,1,0,0,0,0,,0,0,0
api/check-statistics/,CheckStatisticsAPI.as_view,apps/compliance/urls.py,apps/compliance/views.py,class,login_required | user_passes_test(is_admin_or_staff),,View,,1,0,0,0,0,,0,0,0
api/audit-log-summary/,AuditLogSummaryAPI.as_view,apps/compliance/urls.py,apps/compliance/views.py,class,login_required | user_passes_test(is_admin_or_staff),,View,,1,0,0,0,0,,0,0,0
api/document-status/,DocumentStatusAPI.as_view,apps/compliance/urls.py,apps/compliance/views.py,class,login_required | user_passes_test(is_admin_or_staff),,View,,1,0,0,0,0,,0,0,0
api/timeline-data/,TimelineDataAPI.as_view,apps/compliance/urls.py,apps/compliance/views.py,class,login_required | user_passes_test(is_admin_or_staff),,View,,1,0,0,0,0,,0,0,0
api/regional-comparison/,RegionalComparisonAPI.as_view,apps/compliance/urls.py,apps/compliance/views.py,class,login_required | user_passes_test(is_admin_or_staff),,View,,1,0,0,0,0,,0,0,0
api/critical-items/,CriticalItemsAPI.as_view,apps/compliance/urls.py,apps/compliance/views.py,class,login_required | user_passes_test(is_admin_or_staff),,View,,1,0,0,0,0,,0,0,0
api/mute-threats/,mute_threats,apps/compliance/urls.py,apps/compliance/views_api.py,func,require_POST | login_required | user_passes_test(is_admin_or_staff) | ratelimit,,,,1,0,0,0,0,,0,0,0
gdpr/export/,data_portability_export,apps/compliance/urls.py,apps/compliance/views_gdpr.py,func,"login_required | require_http_methods(['GET', 'POST'])",,,,1,0,0,0,0,,0,0,0
gdpr/erasure-request/,erasure_request_view,apps/compliance/urls.py,apps/compliance/views_gdpr.py,func,"login_required | require_http_methods(['GET', 'POST'])",,,,1,0,0,0,0,,0,0,0
dashboard/,views_dashboard.ComplianceDashboardView.as_view,apps/compliance/urls_reporting.py,apps/compliance/views_dashboard.py,class,login_required | user_passes_test(is_admin_or_staff),,View,,1,0,0,0,0,,0,0,0
audit-trail/,views_reporting.AuditTrailReportView.as_view,apps/compliance/urls_reporting.py,apps/compliance/views_reporting.py,class,user_passes_test(_can_view_compliance_reports),,ListView,,1,0,0,0,0,,0,0,0
data-access/,views_reporting.DataAccessReportView.as_view,apps/compliance/urls_reporting.py,apps/compliance/views_reporting.py,class,user_passes_test(_can_view_compliance_reports),,View,,1,0,0,0,0,,0,0,0
permissions/,views_reporting.PermissionOverviewView.as_view,apps/compliance/urls_reporting.py,apps/compliance/views_reporting.py,class,user_passes_test(_can_view_compliance_reports),,View,,1,0,0,0,0,,0,0,0
integrity-check/,views_reporting.IntegrityCheckReportView.as_view,apps/compliance/urls_reporting.py,apps/compliance/views_reporting.py,class,user_passes_test(_can_view_compliance_reports),,View,,1,0,0,0,0,,0,0,0
anomalies/,views_reporting.AnomalyDetectionView.as_view,apps/compliance/urls_reporting.py,apps/compliance/views_reporting.py,class,user_passes_test(_can_view_compliance_reports),,View,,1,0,0,0,0,,0,0,0
export/,views_reporting.ExportComplianceReportView.as_view,apps/compliance/urls_reporting.py,apps/compliance/views_reporting.py,class,user_passes_test(_can_view_compliance_reports),,View,,1,0,0,0,0,,0,0,0
evaluation/<int:pk>/,evaluation_drilldown,apps/evals/urls.py,apps/evals/views_drilldown.py,func,login_required | require_GET | audit_pii_view,,,,1,0,0,0,0,,0,0,0
teacher/,teacher_dashboard,apps/evals/urls.py,apps/evals/views.py,func,teacher_portal_required | role_required(User.Role.TEACHER),,,User.Role.TEACHER,1,1,0,1,0,,0,0,0
teacher/workflow/,teacher_workflow_center,apps/evals/urls.py,apps/evals/views.py,func,teacher_portal_required | role_required(User.Role.TEACHER),,,User.Role.TEACHER,1,1,0,0,0,,0,0,0
teacher/marks/entry/,teacher_marks_entry,apps/evals/urls.py,apps/evals/views.py,func,trace_view('grade.entry') | teacher_portal_required | role_required(User.Role.TEACHER),,,User.Role.TEACHER,1,1,0,0,0,,0,0,0
teacher/marks/,teacher_marks_list,apps/evals/urls.py,apps/evals/views.py,func,teacher_portal_required | role_required(User.Role.TEACHER),,,User.Role.TEACHER,1,1,0,0,0,,0,0,0
teacher/marks/bulk/,BulkGradeEntryView.as_view,apps/evals/urls.py,apps/evals/views_bulk_grade_entry.py,class,login_required,,View,,1,0,0,0,0,,0,0,0
rankings/class/,class_ranking_view,apps/evals/urls.py,apps/evals/views.py,func,require_permission('grades.manage'),,,,1,0,1,0,0,,0,0,0
rankings/school/,school_ranking_view,apps/evals/urls.py,apps/evals/views.py,func,require_permission('grades.manage'),,,,1,0,1,0,0,,0,0,0
admin/evaluations/,evaluation_admin,apps/evals/urls.py,apps/evals/views.py,func,require_permission('grades.manage'),,,,1,0,1,0,0,,0,0,0
admin/evaluations/evidence/,evaluation_evidence_upload,apps/evals/urls.py,apps/evals/views.py,func,require_permission('grades.manage'),,,,1,0,1,0,0,,0,0,0
grade-approvals/,grade_approval_list,apps/evals/urls.py,apps/evals/views.py,func,require_permission('grades.manage'),,,,1,0,1,0,0,,0,0,0
grade-approvals/<uuid:request_id>/,grade_approval_detail,apps/evals/urls.py,apps/evals/views.py,func,require_permission('grades.manage') | trace_view('grade.approval.detail'),,,,1,0,1,0,0,,0,0,0
grade-import/upload/,grade_import_upload_view,apps/evals/urls.py,apps/evals/views.py,func,require_permission('grades.manage'),,,,1,0,1,0,0,,0,0,0
grade-import-template/,grade_import_template_view,apps/evals/urls.py,apps/evals/views.py,func,require_permission('grades.manage'),,,,1,0,1,0,0,,0,0,0
compliance/dashboard/,compliance_dashboard_view,apps/evals/urls.py,apps/evals/views.py,func,require_permission('grades.manage'),,,,1,0,1,0,0,,0,0,0
compliance/deadline/<int:subject_assignment_id>/extend/,extend_deadline_view,apps/evals/urls.py,apps/evals/views.py,func,require_permission('grades.manage'),,,,1,0,1,0,0,,0,0,0
api/grade-import/preview/,grade_import_preview_api,apps/evals/urls.py,apps/evals/views.py,func,require_permission('grades.manage'),,,,1,0,1,0,0,,0,0,0
api/grade-import/apply/,grade_import_apply_api,apps/evals/urls.py,apps/evals/views.py,func,require_permission('grades.manage'),,,,1,0,1,0,0,,0,0,0
api/rosetta/preview/,rosetta_grade_preview_api,apps/evals/urls.py,apps/evals/views.py,func,teacher_portal_required | role_required(User.Role.TEACHER),,,User.Role.TEACHER,1,1,0,0,0,,0,0,0
audit-trail/<int:evaluation_id>/,audit_trail_view,apps/evals/urls.py,apps/evals/views.py,func,"require_permission('grades.enter', 'grades.manage')",,,,1,0,1,0,0,,0,0,0
offline-conflict/<int:offline_entry_id>/resolve/,resolve_offline_conflict_view,apps/evals/urls.py,apps/evals/views.py,func,require_permission('grades.manage'),,,,1,0,1,0,0,,0,0,0
import-jobs/monitor/,import_job_monitor_view,apps/evals/urls.py,apps/evals/views.py,func,require_permission('grades.manage'),,,,1,0,1,0,0,,0,0,0
,views_console.event_console,apps/events/urls.py,apps/events/views_console.py,func,never_cache | login_required | require_http_methods(['GET']),,,,1,0,0,0,0,,0,0,0
analytics/,views_event_ops.event_analytics_console,apps/events/urls.py,apps/events/views_event_ops.py,func,never_cache | login_required | require_http_methods(['GET']),,,,1,0,0,0,0,,0,0,0
dlq/,views_event_ops.event_dlq_console,apps/events/urls.py,apps/events/views_event_ops.py,func,"never_cache | login_required | require_http_methods(['GET', 'POST'])",,,,1,0,0,0,0,,0,0,0
domain/<uuid:event_id>/,views_console.event_domain_detail,apps/events/urls.py,apps/events/views_console.py,func,never_cache | login_required | require_http_methods(['GET']),,,,1,0,0,0,0,,0,0,0
platform/<int:event_pk>/,views_console.event_platform_detail,apps/events/urls.py,apps/events/views_console.py,func,never_cache | login_required | require_http_methods(['GET']),,,,1,0,0,0,0,,0,0,0
replay/,views_console.event_replay,apps/events/urls.py,apps/events/views_console.py,func,never_cache | login_required | require_POST,,,,1,0,0,0,0,,0,0,0
status/,views_public_status.public_status_page,apps/feedback/urls.py,apps/siteconfig/views_public_status.py,func,require_GET | cache_control,,,,1,0,0,0,0,public platform status page (no PII; strategic move v3.27),0,0,1
status/api/,views_public_status.public_status_json,apps/feedback/urls.py,apps/feedback/views_public_status.py,func,require_GET,,,,1,0,0,0,0,public status JSON for status.runmycampus.com monitors,0,0,1
feedback/,views.school_feedback_center,apps/feedback/urls.py,apps/feedback/views.py,func,login_required,,,,1,0,0,0,0,,0,0,0
school/feedback/,views.school_feedback_center,apps/feedback/urls.py,apps/feedback/views.py,func,login_required,,,,1,0,0,0,0,,0,0,0
teacher/feedback/,views.role_feedback_center,apps/feedback/urls.py,apps/feedback/views.py,func,login_required,,,,1,0,0,0,0,,0,0,0
parent/feedback/,views.role_feedback_center,apps/feedback/urls.py,apps/feedback/views.py,func,login_required,,,,1,0,0,0,0,,0,0,0
student/feedback/,views.role_feedback_center,apps/feedback/urls.py,apps/feedback/views.py,func,login_required,,,,1,0,0,0,0,,0,0,0
school/roadmap/,views.school_roadmap,apps/feedback/urls.py,apps/feedback/views.py,func,login_required,,,,1,0,0,0,0,,0,0,0
feature-center/,views.feature_center,apps/feedback/urls.py,apps/feedback/views.py,func,login_required,,,,1,0,0,0,0,,0,0,0
school/feature-center/,views.feature_center,apps/feedback/urls.py,apps/feedback/views.py,func,login_required,,,,1,0,0,0,0,,0,0,0
contact-us/,views.contact_us,apps/feedback/urls.py,apps/feedback/views.py,func,"login_required | require_http_methods(['GET', 'POST'])",,,,1,0,0,0,0,,0,0,0
school/contact-us/,views.contact_us,apps/feedback/urls.py,apps/feedback/views.py,func,"login_required | require_http_methods(['GET', 'POST'])",,,,1,0,0,0,0,,0,0,0
feature/<int:pk>/vote/,views.vote_feature,apps/feedback/urls.py,apps/feedback/views.py,func,login_required | require_POST,,,,1,0,0,0,0,,0,0,0
contextual/,views.contextual_feedback,apps/feedback/urls.py,apps/feedback/views.py,func,login_required | require_POST,,,,1,0,0,0,0,,0,0,0
pulse/,views.pulse_survey,apps/feedback/urls.py,apps/feedback/views.py,func,login_required | require_POST,,,,1,0,0,0,0,,0,0,0
super/voice-of-customer/,views.voice_of_customer,apps/feedback/urls.py,apps/feedback/views.py,func,login_required,,,,1,0,0,0,0,,0,0,0
super/product-feedback/,views.voice_of_customer,apps/feedback/urls.py,apps/feedback/views.py,func,login_required,,,,1,0,0,0,0,,0,0,0
super/product-roadmap/,views.product_roadmap,apps/feedback/urls.py,apps/feedback/views.py,func,login_required,,,,1,0,0,0,0,,0,0,0
super/feedback/<int:pk>/action/,views.operator_feedback_action,apps/feedback/urls.py,apps/feedback/views.py,func,login_required | require_POST,,,,1,0,0,0,0,,0,0,0
super/feature/<int:pk>/roadmap/,views.add_to_roadmap,apps/feedback/urls.py,apps/feedback/views.py,func,login_required | require_POST,,,,1,0,0,0,0,,0,0,0
help/,views.help_center,apps/feedback/urls.py,apps/feedback/views.py,func,"login_required | require_http_methods(['GET', 'POST'])",,,,1,0,0,0,0,,0,0,0
release-notes/,views.release_notes_public,apps/feedback/urls.py,apps/feedback/views.py,func,,,,,1,0,0,0,0,intentionally public — filters is_public=True at QS level,0,0,0
,dashboard,apps/finance/urls.py,apps/payroll/views.py,func,"require_permission('payroll.view', 'payroll.manage')",,,,1,0,1,0,0,,0,0,0
payment-setup/,payment_readiness_setup,apps/finance/urls.py,apps/finance/views_payment_setup.py,func,require_permission('finance.manage') | require_step_up,,,,1,0,1,0,0,,0,0,0
integration-credentials/,marketplace_integration_credentials,apps/finance/urls.py,apps/finance/views_marketplace_integration_credentials.py,func,"require_permission('finance.manage') | require_step_up | require_http_methods(['GET', 'POST'])",,,,1,0,1,0,0,,0,0,0
payment-readiness/,payment_readiness_dashboard,apps/finance/urls.py,apps/finance/views_payment_readiness_dashboard.py,func,"require_permission('finance.view', 'finance.manage')",,,,1,0,1,0,0,,0,0,0
payment-command-center/,global_payment_command_center,apps/finance/urls.py,apps/finance/views_global_payment_command_center.py,func,"require_permission('finance.view', 'finance.manage')",,,,1,0,1,0,0,,0,0,0
workforce/,workforce_command_center,apps/finance/urls.py,apps/finance/views_workforce_hub.py,func,"require_permission('finance.view', 'finance.manage')",,,,1,0,1,0,0,,0,0,0
offline-intents/queue/,offline_payment_intent_queue,apps/finance/urls.py,apps/finance/views_offline_bursar_queue.py,func,"require_permission('finance.view', 'finance.manage')",,,,1,0,1,0,0,,0,0,0
offline-intents/<int:intent_id>/approve/,offline_payment_intent_approve,apps/finance/urls.py,apps/finance/views_offline_bursar_queue.py,func,require_permission('finance.manage') | require_POST,,,,1,0,1,0,0,,0,0,0
offline-intents/bulk-approve/,offline_payment_intent_bulk_approve,apps/finance/urls.py,apps/finance/views_offline_bursar_queue.py,func,require_permission('finance.manage') | require_POST,,,,1,0,1,0,0,,0,0,0
offline-intents/queue/export.csv,offline_payment_intent_queue_export,apps/finance/urls.py,apps/finance/views_offline_bursar_queue.py,func,"require_permission('finance.view', 'finance.manage') | require_GET",,,,1,0,1,0,0,,0,0,0
invoices/,invoice_list,apps/finance/urls.py,apps/finance/views_invoicing.py,func,login_required,,,,1,0,0,0,0,,0,0,0
invoices/<int:invoice_id>/,invoice_detail,apps/finance/urls.py,apps/finance/views_invoicing.py,func,login_required | audit_pii_view,,,,1,0,0,0,0,,0,0,0
invoices/<int:invoice_id>/request-access/,request_finance_access,apps/finance/urls.py,apps/finance/views_access.py,func,login_required | require_POST,,,,1,0,0,0,0,,0,0,0
invoices/<int:invoice_id>/receipt/,invoice_receipt,apps/finance/urls.py,apps/finance/views_invoicing.py,func,"require_permission('finance.view', 'finance.manage')",,,,1,0,1,0,0,,0,0,0
invoices/<int:invoice_id>/upload-receipt/,upload_payment_receipt,apps/finance/urls.py,apps/finance/views_invoicing.py,func,login_required | require_POST,,,,1,0,0,0,0,,0,0,0
invoices/<int:invoice_id>/resend-reminder/,resend_reminder,apps/finance/urls.py,apps/finance/views_invoicing.py,func,login_required | require_POST,,,,1,0,0,0,0,,0,0,0
access/request/,request_finance_access,apps/finance/urls.py,apps/finance/views_access.py,func,login_required | require_POST,,,,1,0,0,0,0,,0,0,0
access/bulk/,finance_access_bulk,apps/finance/urls.py,apps/finance/views_access.py,func,require_permission('finance.manage'),,,,1,0,1,0,0,,0,0,0
payments/,payment_list,apps/finance/urls.py,apps/finance/views_payments.py,func,"require_permission('finance.view', 'finance.manage')",,,,1,0,1,0,0,,0,0,0
payments/cash-closure/,cash_office_closure,apps/finance/urls.py,apps/finance/views_payments.py,func,require_permission('finance.manage'),,,,1,0,1,0,0,,0,0,0
payments/split-allocation/,split_allocation,apps/finance/urls.py,apps/finance/views_payments.py,func,require_permission('finance.manage'),,,,1,0,1,0,0,,0,0,0
payments/scan-teller/,scan_teller_placeholder,apps/finance/urls.py,apps/finance/views_payments.py,func,"require_permission('finance.view', 'finance.manage')",,,,1,0,1,0,0,,0,0,0
payments/receipts/,payment_list,apps/finance/urls.py,apps/finance/views_payments.py,func,"require_permission('finance.view', 'finance.manage')",,,,1,0,1,0,0,,0,0,0
fees/generate/,generate_fees,apps/finance/urls.py,apps/finance/views_invoicing.py,func,require_permission('finance.manage'),,,,1,0,1,0,0,,0,0,0
fees/notify-guardians/,notify_guardians_new_invoices,apps/finance/urls.py,apps/finance/views_invoicing.py,func,require_permission('finance.manage') | require_POST,,,,1,0,1,0,0,,0,0,0
trial-balance/,trial_balance,apps/finance/urls.py,apps/finance/views_accounting.py,func,"require_permission('accounting.view', 'accounting.manage')",,,,1,0,1,0,0,,0,0,0
reports/,finance_reports,apps/finance/urls.py,apps/finance/views_reports.py,func,"require_permission('finance.view', 'finance.manage')",,,,1,0,1,0,0,,0,0,0
reports/request/,submit_report_request,apps/finance/urls.py,apps/finance/views_reports.py,func,"require_permission('finance.view', 'finance.manage')",,,,1,0,1,0,0,,0,0,0
notifications/,notifications,apps/finance/urls.py,apps/finance/views_requests.py,func,"require_permission('finance.view', 'finance.manage')",,,,1,0,1,0,0,,0,0,0
requests/,finance_requests,apps/finance/urls.py,apps/finance/views_requests.py,func,"require_permission('finance.view', 'finance.manage')",,,,1,0,1,0,0,,0,0,0
reconciliation/suspense/,suspense_queue,apps/finance/urls.py,apps/finance/views_accounting.py,func,"require_permission('accounting.view', 'accounting.manage')",,,,1,0,1,0,0,,0,0,0
reconciliation/suspense/<int:suspense_id>/claim/,claim_suspense_payment,apps/finance/urls.py,apps/finance/views_accounting.py,func,require_permission('accounting.manage') | require_POST,,,,1,0,1,0,0,,0,0,0
accounting/bursar-entries/,bursar_entries_report,apps/finance/urls.py,apps/finance/views_accounting.py,func,login_required,,,,1,0,0,0,0,,0,0,0
accounting/expense-vs-budget/,expense_vs_budget,apps/finance/urls.py,apps/finance/views_accounting.py,func,login_required,,,,1,0,0,0,0,,0,0,0
,views.integrations_hub,apps/integrations_marketplace/urls.py,apps/integrations_marketplace/views.py,func,login_required,,,,1,0,0,0,0,,0,0,0
connect/<slug:connector_slug>/,views.oauth_connect,apps/integrations_marketplace/urls.py,apps/integrations_marketplace/views.py,func,login_required,,,,1,0,0,0,0,,0,0,0
callback/<slug:connector_slug>/,views.oauth_callback,apps/integrations_marketplace/urls.py,apps/integrations_marketplace/views.py,func,login_required,,,,1,0,0,0,0,,0,0,0
disconnect/<slug:connector_slug>/,views.disconnect,apps/integrations_marketplace/urls.py,apps/integrations_marketplace/views.py,func,login_required | require_http_methods(['POST']),,,,1,0,0,0,0,,0,0,0
disconnect/<slug:connector_slug>/<int:campus_id>/,views.disconnect,apps/integrations_marketplace/urls.py,apps/integrations_marketplace/views.py,func,login_required | require_http_methods(['POST']),,,,1,0,0,0,0,,0,0,0
webhook/<slug:connector_slug>/<int:integration_id>/,webhooks.webhook_receiver,apps/integrations_marketplace/urls.py,,,,,,,0,0,0,0,0,,0,1,0
admin/redirect-uris/,views.redirect_uri_registry,apps/integrations_marketplace/urls.py,apps/integrations_marketplace/views.py,func,login_required,,,,1,0,0,1,0,,0,0,0
rollup/,views.integrations_rollup,apps/integrations_marketplace/urls.py,apps/integrations_marketplace/views.py,func,login_required,,,,1,0,0,0,0,,0,0,0
events/,views.integrations_events,apps/integrations_marketplace/urls.py,apps/integrations_marketplace/views.py,func,login_required,,,,1,0,0,0,0,,0,0,0
test-webhook/<slug:connector_slug>/<int:integration_id>/,views.test_webhook,apps/integrations_marketplace/urls.py,apps/integrations_marketplace/views.py,func,login_required | require_http_methods(['POST']),,,,1,0,0,0,0,,0,0,0
scopes/<slug:connector_slug>/,views.scope_override,apps/integrations_marketplace/urls.py,apps/integrations_marketplace/views.py,func,login_required,,,,1,0,0,0,0,,0,0,0
rejections/,views.integrations_rejections,apps/integrations_marketplace/urls.py,apps/integrations_marketplace/views.py,func,login_required,,,,1,0,0,0,0,,0,0,0
rotate-secret/<slug:connector_slug>/<int:integration_id>/,views.rotate_webhook_secret,apps/integrations_marketplace/urls.py,apps/integrations_marketplace/views.py,func,login_required | require_http_methods(['POST']),,,,1,0,0,0,0,,0,0,0
bulk-disconnect/<slug:connector_slug>/,views.bulk_disconnect,apps/integrations_marketplace/urls.py,apps/integrations_marketplace/views.py,func,login_required | require_http_methods(['POST']),,,,1,0,0,0,0,,0,0,0
data-inventory.csv,views.integrations_data_inventory_csv,apps/integrations_marketplace/urls.py,apps/integrations_marketplace/views.py,func,login_required,,,,1,0,0,0,0,,0,0,0
studio-os-10x/,s10x.studio_home,apps/integrations_marketplace/urls.py,apps/integrations_marketplace/views_studio_os_10x_w1.py,func,require_GET | staff_required,,,,1,0,0,0,0,staff-only-via-staff_required-user_passes_test-is_staff,0,0,0
studio-os-10x/quick-actions/,s10x.quick_actions,apps/integrations_marketplace/urls.py,apps/integrations_marketplace/views_studio_os_10x_w1.py,func,require_GET | staff_required,,,,1,0,0,0,0,staff-only-via-staff_required-user_passes_test-is_staff,0,0,0
studio-os-10x/oauth-metrics/,s10x.oauth_metrics_dashboard,apps/integrations_marketplace/urls.py,apps/integrations_marketplace/views_studio_os_10x_w1.py,func,require_GET | staff_required,,,,1,0,0,0,0,staff-only-via-staff_required-user_passes_test-is_staff,0,0,0
studio-os-10x/saml-idp-registry/,s10x.saml_idp_registry,apps/integrations_marketplace/urls.py,apps/integrations_marketplace/views_studio_os_10x_w1.py,func,require_GET | staff_required,,,,1,0,0,0,0,staff-only-via-staff_required-user_passes_test-is_staff,0,0,0
studio-os-10x/lms-provider-rollup/,s10x.lms_provider_rollup,apps/integrations_marketplace/urls.py,apps/integrations_marketplace/views_studio_os_10x_w1.py,func,require_GET | staff_required,,,,1,0,0,0,0,staff-only-via-staff_required-user_passes_test-is_staff,0,0,0
studio-os-10x/retention-preview/,s10x.retention_preview_historical,apps/integrations_marketplace/urls.py,apps/integrations_marketplace/views_studio_os_10x_w1.py,func,require_GET | staff_required,,,,1,0,0,0,0,staff-only-via-staff_required-user_passes_test-is_staff,0,0,0
studio-os-10x/dlq-filter-nav/,s10x.dlq_filter_nav,apps/integrations_marketplace/urls.py,apps/integrations_marketplace/views_studio_os_10x_w1.py,func,require_GET | staff_required,,,,1,0,0,0,0,staff-only-via-staff_required-user_passes_test-is_staff,0,0,0
studio-os-10x/audit-packet-export/,s10x.audit_packet_export,apps/integrations_marketplace/urls.py,apps/integrations_marketplace/views_studio_os_10x_w1.py,func,require_GET | staff_required,,,,1,0,0,0,0,staff-only-via-staff_required-user_passes_test-is_staff,0,0,0
studio-os-10x/diagnostics-alarms/,s10x.diagnostics_alarm_panel,apps/integrations_marketplace/urls.py,apps/integrations_marketplace/views_studio_os_10x_w1.py,func,require_GET | staff_required,,,,1,0,0,0,0,staff-only-via-staff_required-user_passes_test-is_staff,0,0,0
studio-os-10x/pki-bundle-viewer/,s10x.pki_bundle_viewer,apps/integrations_marketplace/urls.py,apps/integrations_marketplace/views_studio_os_10x_w1.py,func,require_GET | staff_required,,,,1,0,0,0,0,staff-only-via-staff_required-user_passes_test-is_staff,0,0,0
studio-os-10x/tenant-retention-override/,s10x.tenant_retention_override,apps/integrations_marketplace/urls.py,apps/integrations_marketplace/views_studio_os_10x_w1.py,func,require_GET | staff_required,,,,1,0,0,0,0,staff-only-via-staff_required-user_passes_test-is_staff,0,0,0
studio-os-10x/token-rotation-timeline/,s10x.token_rotation_timeline,apps/integrations_marketplace/urls.py,apps/integrations_marketplace/views_studio_os_10x_w1.py,func,require_GET | staff_required,,,,1,0,0,0,0,staff-only-via-staff_required-user_passes_test-is_staff,0,0,0
studio-os-10x/billing-summary/,s10x.billing_summary,apps/integrations_marketplace/urls.py,apps/integrations_marketplace/views_studio_os_10x_w1.py,func,require_GET | staff_required,,,,1,0,0,0,0,staff-only-via-staff_required-user_passes_test-is_staff,0,0,0
studio-os-10x/nav-sidebar/,s10x.studio_nav_sidebar,apps/integrations_marketplace/urls.py,apps/integrations_marketplace/views_studio_os_10x_w1.py,func,require_GET | staff_required,,,,1,0,0,0,0,staff-only-via-staff_required-user_passes_test-is_staff,0,0,0
<uuid:school_id>/,LifecycleTimelineView.as_view,apps/lifecycle/urls.py,apps/lifecycle/views.py,class,staff_member_required,,View,,1,0,0,0,0,,0,0,0
governance/,views.governance_console,apps/marketplace/urls.py,apps/marketplace/views.py,func,login_required | user_passes_test(_control_plane_access),,,,1,0,0,0,0,,0,0,0
reviews/<int:review_id>/action/,views.marketplace_review_action,apps/marketplace/urls.py,apps/marketplace/views.py,func,login_required | user_passes_test(_control_plane_access) | require_POST,,,,1,0,0,0,0,,0,0,0
publisher/,publisher_dashboard,apps/marketplace/urls.py,apps/marketplace/views_publisher.py,func,require_verified_publisher_with_host | require_GET,,,,1,0,0,0,0,,0,0,0
publisher/<slug:slug>/,publisher_app_detail,apps/marketplace/urls.py,apps/marketplace/views_publisher.py,func,require_verified_publisher_with_host | require_GET,,,,1,0,0,0,0,,0,0,0
monetization-inspector/,MonetizationManifestInspectorView.as_view,apps/marketplace/urls.py,apps/marketplace/views_monetization_inspector.py,class,staff_member_required,,LoginRequiredMixin | View,,1,0,0,0,1,,0,0,0
apps/<slug:slug>/,v.public_app_detail,apps/marketplace/urls_developer_platform.py,apps/marketplace/views_developer_platform.py,func,require_GET,,,,1,0,0,1,0,,0,0,0
apps/<slug:slug>/rate/,v.submit_rating_view,apps/marketplace/urls_developer_platform.py,apps/marketplace/views_developer_platform.py,func,csrf_protect | login_required | require_POST,,,,1,0,0,0,0,,0,0,0
api/v1/catalog/,v.public_app_catalog_api,apps/marketplace/urls_developer_platform.py,apps/marketplace/views_developer_platform.py,func,,,,,1,0,0,0,0,public marketplace catalog JSON for developer platform discovery,0,0,0
publisher/signup/,v.publisher_signup_view,apps/marketplace/urls_developer_platform.py,apps/marketplace/views_developer_platform.py,func,"csrf_protect | require_http_methods(['GET', 'POST'])",,,,1,0,0,0,0,publisher self-signup onboarding (email verification follows),0,0,0
publisher/verify-email/,v.verify_email_view,apps/marketplace/urls_developer_platform.py,apps/marketplace/views_developer_platform.py,func,require_GET,,,,1,0,0,0,0,email verification link from publisher signup mail,0,0,0
signups/,v.signup_review_queue,apps/marketplace/urls_developer_platform.py,apps/marketplace/views_developer_platform.py,func,login_required | require_GET,,,,1,0,0,0,0,,0,0,0
signups/<int:signup_id>/decide/,v.signup_decide,apps/marketplace/urls_developer_platform.py,apps/marketplace/views_developer_platform.py,func,login_required | require_POST,,,,1,0,0,0,0,,0,0,0
publisher/metrics.json,v.partner_dashboard_metrics,apps/marketplace/urls_developer_platform.py,apps/marketplace/views_developer_platform.py,func,login_required | require_GET,,,,1,0,0,0,0,,0,0,0
publisher/webhooks/,v.publisher_webhook_log,apps/marketplace/urls_developer_platform.py,apps/marketplace/views_developer_platform.py,func,login_required | require_GET,,,,1,0,0,0,0,,0,0,0
publisher/apps/<slug:app_slug>/webhooks/,v.webhook_endpoints_view,apps/marketplace/urls_developer_platform.py,apps/marketplace/views_developer_platform.py,func,"csrf_protect | login_required | require_http_methods(['GET', 'POST'])",,,,1,0,0,0,0,,0,0,0
publisher/apps/<slug:app_slug>/webhooks/<int:endpoint_id>/edit/,v.webhook_endpoint_edit_view,apps/marketplace/urls_developer_platform.py,apps/marketplace/views_developer_platform.py,func,csrf_protect | login_required | require_POST,,,,1,0,0,0,0,,0,0,0
publisher/apps/<slug:app_slug>/versions/,v.app_versions_view,apps/marketplace/urls_developer_platform.py,apps/marketplace/views_developer_platform.py,func,"csrf_protect | login_required | require_http_methods(['GET', 'POST'])",,,,1,0,0,0,0,,0,0,0
ratings/<int:rating_id>/reply/,v.publisher_reply_view,apps/marketplace/urls_developer_platform.py,apps/marketplace/views_developer_platform.py,func,csrf_protect | login_required | require_POST,,,,1,0,0,0,0,,0,0,0
search/,metadata_search_api,apps/metadata/urls.py,apps/metadata/views.py,func,require_super_access_with_host | require_http_methods(['GET']),,,,1,1,0,0,0,,0,0,0
governance/,metadata_governance_ui,apps/metadata/urls.py,apps/metadata/views.py,func,require_super_access_with_host | require_http_methods(['GET']),,,,1,1,0,0,0,,0,0,0
lineage/,metadata_lineage_api,apps/metadata/urls.py,apps/metadata/views.py,func,require_super_access_with_host | require_http_methods(['GET']),,,,1,1,0,0,0,,0,0,0
lineage/graph/,metadata_lineage_graph_ui,apps/metadata/urls.py,apps/metadata/views.py,func,require_super_access_with_host | require_http_methods(['GET']),,,,1,1,0,0,0,,0,0,0
schema/,MigrationCloudSchemaView.as_view,apps/migration_cloud/api/urls.py,,,,,,,0,0,0,0,0,,0,1,0
docs/,MigrationCloudRedocView.as_view,apps/migration_cloud/api/urls.py,,,,,,,0,0,0,0,0,,0,1,0
webhooks/verifier/<str:asset>/,webhook_verifier_download,apps/migration_cloud/api/urls.py,,,,,,,0,0,0,0,0,,0,1,0
,views.MigrationCloudConsoleView.as_view,apps/migration_cloud/urls.py,apps/migration_cloud/views.py,class,,,LoginRequiredMixin | View,,1,0,0,0,1,,0,0,0
new/,views.MigrationCloudIntakeView.as_view,apps/migration_cloud/urls.py,apps/migration_cloud/views.py,class,,,LoginRequiredMixin | View,,1,0,0,0,1,,0,0,0
intake-ai-ask/,views.MigrationCloudIntakeAIAskView.as_view,apps/migration_cloud/urls.py,apps/migration_cloud/views.py,class,,,LoginRequiredMixin | View,,1,0,0,0,1,,0,0,0
<int:bundle_id>/,views.MigrationCloudBundleDetailView.as_view,apps/migration_cloud/urls.py,apps/migration_cloud/views.py,class,,,LoginRequiredMixin | View,,1,0,0,0,1,,0,0,0
<int:bundle_id>/attach-source/,views.MigrationCloudAttachSourceView.as_view,apps/migration_cloud/urls.py,apps/migration_cloud/views.py,class,,,LoginRequiredMixin | View,,1,0,0,0,1,,0,0,0
<int:bundle_id>/bind-school/,views.MigrationCloudBindSchoolView.as_view,apps/migration_cloud/urls.py,apps/migration_cloud/views.py,class,,,LoginRequiredMixin | View,,1,0,0,0,1,,0,0,0
<int:bundle_id>/ai-plan/,views.MigrationCloudAIPlanView.as_view,apps/migration_cloud/urls.py,apps/migration_cloud/views.py,class,,,LoginRequiredMixin | View,,1,0,0,0,1,,0,0,0
<int:bundle_id>/ai-explain/,views.MigrationCloudAIExplainView.as_view,apps/migration_cloud/urls.py,apps/migration_cloud/views.py,class,,,LoginRequiredMixin | View,,1,0,0,0,1,,0,0,0
<int:bundle_id>/ai-rebind/,views.MigrationCloudAIRebindView.as_view,apps/migration_cloud/urls.py,apps/migration_cloud/views.py,class,,,LoginRequiredMixin | View,,1,0,0,0,1,,0,0,0
<int:bundle_id>/ai-ask/,views.MigrationCloudAIAskView.as_view,apps/migration_cloud/urls.py,apps/migration_cloud/views.py,class,,,LoginRequiredMixin | View,,1,0,0,0,1,,0,0,0
<int:bundle_id>/ai-narrate-reconciliation/,views.MigrationCloudAINarrateReconciliationView.as_view,apps/migration_cloud/urls.py,apps/migration_cloud/views.py,class,,,LoginRequiredMixin | View,,1,0,0,0,1,,0,0,0
ai-vendor-from-image/,views.MigrationCloudAIVendorFromImageView.as_view,apps/migration_cloud/urls.py,apps/migration_cloud/views.py,class,,,LoginRequiredMixin | View,,1,0,0,0,1,,0,0,0
<int:bundle_id>/advance/,views.MigrationCloudAdvanceView.as_view,apps/migration_cloud/urls.py,apps/migration_cloud/views.py,class,track_workflow('migration_bundle_advance'),,LoginRequiredMixin | View,,1,0,0,0,1,,0,0,0
<int:bundle_id>/apply/,views.MigrationCloudApplyView.as_view,apps/migration_cloud/urls.py,apps/migration_cloud/views.py,class,track_workflow('migration_bundle_apply'),,LoginRequiredMixin | View,,1,0,0,0,1,,0,0,0
<int:bundle_id>/reconcile/,views.MigrationCloudReconcileView.as_view,apps/migration_cloud/urls.py,apps/migration_cloud/views.py,class,,,LoginRequiredMixin | View,,1,0,0,0,1,,0,0,0
<int:bundle_id>/feedback/,views.MigrationCloudFeedbackView.as_view,apps/migration_cloud/urls.py,apps/migration_cloud/views.py,class,,,LoginRequiredMixin | View,,1,0,0,0,1,,0,0,0
<int:bundle_id>/save-profile/,views.MigrationCloudSaveProfileView.as_view,apps/migration_cloud/urls.py,apps/migration_cloud/views.py,class,,,LoginRequiredMixin | View,,1,0,0,0,1,,0,0,0
<int:bundle_id>/review/,views.MigrationCloudAnomalyNudgeView.as_view,apps/migration_cloud/urls.py,apps/migration_cloud/views.py,class,,,LoginRequiredMixin | View,,1,0,0,0,1,,0,0,0
<int:bundle_id>/shadow/,views.MigrationCloudShadowView.as_view,apps/migration_cloud/urls.py,apps/migration_cloud/views.py,class,,,LoginRequiredMixin | View,,1,0,0,0,1,,0,0,0
<int:bundle_id>/runs/<int:run_id>/rollback/,views.MigrationCloudRollbackView.as_view,apps/migration_cloud/urls.py,apps/migration_cloud/views.py,class,,,LoginRequiredMixin | View,,1,0,0,0,1,,0,0,0
<int:bundle_id>/expected-totals/,views.MigrationCloudExpectedTotalsView.as_view,apps/migration_cloud/urls.py,apps/migration_cloud/views.py,class,,,LoginRequiredMixin | View,,1,0,0,0,1,,0,0,0
<int:bundle_id>/guardrail-check/,views.MigrationCloudGuardrailCheckView.as_view,apps/migration_cloud/urls.py,apps/migration_cloud/views.py,class,,,LoginRequiredMixin | View,,1,0,0,0,1,,0,0,0
id-map/lookup/,views.MigrationCloudIdMappingLookupView.as_view,apps/migration_cloud/urls.py,apps/migration_cloud/views.py,class,,,LoginRequiredMixin | View,,1,0,0,0,1,,0,0,0
<int:bundle_id>/conflicts/,views.MigrationCloudConflictsView.as_view,apps/migration_cloud/urls.py,apps/migration_cloud/views.py,class,,,LoginRequiredMixin | View,,1,0,0,0,1,,0,0,0
<int:bundle_id>/progress/,views.MigrationCloudProgressView.as_view,apps/migration_cloud/urls.py,apps/migration_cloud/views.py,class,,,LoginRequiredMixin | View,,1,0,0,0,1,,0,0,0
<int:bundle_id>/progress/stream/,views.MigrationCloudProgressStreamView.as_view,apps/migration_cloud/urls.py,apps/migration_cloud/views.py,class,,,LoginRequiredMixin | View,,1,0,0,0,1,,0,0,0
<int:bundle_id>/preflight/,views.MigrationCloudPreflightView.as_view,apps/migration_cloud/urls.py,apps/migration_cloud/views.py,class,,,LoginRequiredMixin | View,,1,0,0,0,1,,0,0,0
<int:bundle_id>/assets/,views.MigrationCloudAssetsView.as_view,apps/migration_cloud/urls.py,apps/migration_cloud/views.py,class,,,LoginRequiredMixin | View,,1,0,0,0,1,,0,0,0
<int:bundle_id>/sandbox/,views.MigrationCloudSandboxView.as_view,apps/migration_cloud/urls.py,apps/migration_cloud/views.py,class,,,LoginRequiredMixin | View,,1,0,0,0,1,,0,0,0
<int:bundle_id>/diff-mode/,views.MigrationCloudDiffModeView.as_view,apps/migration_cloud/urls.py,apps/migration_cloud/views.py,class,,,LoginRequiredMixin | View,,1,0,0,0,1,,0,0,0
<int:bundle_id>/settings/,views.MigrationCloudBundleSettingsView.as_view,apps/migration_cloud/urls.py,apps/migration_cloud/views.py,class,,,LoginRequiredMixin | View,,1,0,0,0,1,,0,0,0
<int:bundle_id>/cost-estimate/,views.MigrationCloudCostEstimateView.as_view,apps/migration_cloud/urls.py,apps/migration_cloud/views.py,class,,,LoginRequiredMixin | View,,1,0,0,0,1,,0,0,0
profile-suggest/,views.MigrationCloudProfileSuggestView.as_view,apps/migration_cloud/urls.py,apps/migration_cloud/views.py,class,,,LoginRequiredMixin | View,,1,0,0,0,1,,0,0,0
<int:bundle_id>/handoff-doc/,views.MigrationCloudHandoffDocView.as_view,apps/migration_cloud/urls.py,apps/migration_cloud/views.py,class,,,LoginRequiredMixin | View,,1,0,0,0,1,,0,0,0
<int:bundle_id>/legacy-lockout/,views.MigrationCloudLegacyLockoutView.as_view,apps/migration_cloud/urls.py,apps/migration_cloud/views.py,class,,,LoginRequiredMixin | View,,1,0,0,0,1,,0,0,0
export/canonical/,views.MigrationCloudExportCanonicalView.as_view,apps/migration_cloud/urls.py,apps/migration_cloud/views.py,class,,,LoginRequiredMixin | View,,1,0,0,0,1,,0,0,0
<int:bundle_id>/rollout/,views.MigrationCloudRolloutPlanView.as_view,apps/migration_cloud/urls.py,apps/migration_cloud/views.py,class,,,LoginRequiredMixin | View,,1,0,0,0,1,,0,0,0
<int:bundle_id>/sla-targets/,views.MigrationCloudSlaTargetsView.as_view,apps/migration_cloud/urls.py,apps/migration_cloud/views.py,class,,,LoginRequiredMixin | View,,1,0,0,0,1,,0,0,0
merge/,views.MigrationCloudMergeBundlesView.as_view,apps/migration_cloud/urls.py,apps/migration_cloud/views.py,class,,,LoginRequiredMixin | View,,1,0,0,0,1,,0,0,0
template/,views.MigrationCloudCanonicalTemplateView.as_view,apps/migration_cloud/urls.py,apps/migration_cloud/views.py,class,,,LoginRequiredMixin | View,,1,0,0,0,1,,0,0,0
template/<str:domain>.csv,views.MigrationCloudCanonicalTemplateView.as_view,apps/migration_cloud/urls.py,apps/migration_cloud/views.py,class,,,LoginRequiredMixin | View,,1,0,0,0,1,,0,0,0
template/picker/,views.MigrationCloudCanonicalTemplatePickerView.as_view,apps/migration_cloud/urls.py,apps/migration_cloud/views.py,class,,,LoginRequiredMixin | View,,1,0,0,0,1,,0,0,0
companion/maa/text/,companion_receiver.maa_text_view,apps/migration_cloud/urls.py,,,,,,,0,0,0,0,0,,0,1,0
companion/maa/sign/,companion_receiver.MAASignView.as_view,apps/migration_cloud/urls.py,,,,,,,0,0,0,0,0,,0,1,0
companion/upload/,companion_receiver.CompanionUploadView.as_view,apps/migration_cloud/urls.py,,,,,,,0,0,0,0,0,,0,1,0
companion/decrypt/<int:bundle_id>/,companion_receiver.CompanionDecryptHookView.as_view,apps/migration_cloud/urls.py,,,,,,,0,0,0,0,0,,0,1,0
companion/server-pubkey/,companion_receiver.companion_server_pubkey_view,apps/migration_cloud/urls.py,,,,,,,0,0,0,0,0,,0,1,0
companion/keypair/rotate/,companion_receiver.CompanionKeypairRotateView.as_view,apps/migration_cloud/urls.py,,,,,,,0,0,0,0,0,,0,1,0
operator/tokens/,views_token_admin.MigrationCloudTokenListView.as_view,apps/migration_cloud/urls.py,apps/migration_cloud/views_token_admin.py,class,staff_member_required,,View,,1,0,0,0,0,staff-only-operator-token-and-webhook-management,0,0,0
operator/tokens/mint/,views_token_admin.MigrationCloudTokenMintView.as_view,apps/migration_cloud/urls.py,apps/migration_cloud/views_token_admin.py,class,staff_member_required,,View,,1,0,0,0,0,staff-only-operator-token-and-webhook-management,0,0,0
operator/tokens/<int:token_id>/revoke/,views_token_admin.MigrationCloudTokenRevokeView.as_view,apps/migration_cloud/urls.py,apps/migration_cloud/views_token_admin.py,class,staff_member_required,,View,,1,0,0,0,0,staff-only-operator-token-and-webhook-management,0,0,0
operator/tokens/<int:token_id>/rotate/,views_token_admin.MigrationCloudTokenRotateView.as_view,apps/migration_cloud/urls.py,apps/migration_cloud/views_token_admin.py,class,staff_member_required,,View,,1,0,0,0,0,staff-only-operator-token-and-webhook-management,0,0,0
operator/tokens/<int:token_id>/chain/,views_token_admin.TokenRotationChainView.as_view,apps/migration_cloud/urls.py,apps/migration_cloud/views_token_admin.py,class,staff_member_required,,View,,1,0,0,0,0,staff-only-operator-token-and-webhook-management,0,0,0
operator/webhooks/,views_webhook_admin.MigrationCloudWebhookListView.as_view,apps/migration_cloud/urls.py,apps/migration_cloud/views_webhook_admin.py,class,staff_member_required,,View,,1,0,0,0,0,staff-only-operator-token-and-webhook-management,0,0,0
operator/webhooks/subscribe/,views_webhook_admin.MigrationCloudWebhookSubscribeView.as_view,apps/migration_cloud/urls.py,apps/migration_cloud/views_webhook_admin.py,class,staff_member_required,,View,,1,0,0,0,0,staff-only-operator-token-and-webhook-management,0,0,0
operator/webhooks/deliveries/,views_webhook_admin.MigrationCloudWebhookDeliveryLogView.as_view,apps/migration_cloud/urls.py,apps/migration_cloud/views_webhook_admin.py,class,staff_member_required,,View,,1,0,0,0,0,staff-only-operator-token-and-webhook-management,0,0,0
operator/webhooks/deliveries/<int:delivery_id>/retry/,views_webhook_admin.MigrationCloudWebhookRetryView.as_view,apps/migration_cloud/urls.py,apps/migration_cloud/views_webhook_admin.py,class,staff_member_required,,View,,1,0,0,0,0,staff-only-operator-token-and-webhook-management,0,0,0
operator/webhooks/<int:sub_id>/audit/,views_webhook_admin.WebhookSubscriptionAuditView.as_view,apps/migration_cloud/urls.py,apps/migration_cloud/views_webhook_admin.py,class,staff_member_required,,View,,1,0,0,0,0,super-staff-webhook-audit-view-deliveries,0,0,0
operator/webhooks/deliveries/<int:delivery_id>/replay/,views_webhook_admin.WebhookDeliveryReplayView.as_view,apps/migration_cloud/urls.py,apps/migration_cloud/views_webhook_admin.py,class,staff_member_required,,View,,1,0,0,0,0,super-staff-webhook-manual-replay,0,0,0
operator/webhooks/<int:sub_id>/deactivate/,views_webhook_admin.MigrationCloudWebhookDeactivateView.as_view,apps/migration_cloud/urls.py,apps/migration_cloud/views_webhook_admin.py,class,staff_member_required,,View,,1,0,0,0,0,super-staff-webhook-subscription-deactivate,0,0,0
operator/dlq/,views_dlq_admin.WebhookDeadLetterListView.as_view,apps/migration_cloud/urls.py,apps/migration_cloud/views_dlq_admin.py,class,staff_member_required,,View,,1,0,0,0,0,super-staff-webhook-dlq-list,0,0,0
operator/dlq/<int:dlq_id>/replay/,views_dlq_admin.WebhookDeadLetterReplayView.as_view,apps/migration_cloud/urls.py,apps/migration_cloud/views_dlq_admin.py,class,staff_member_required,,View,,1,0,0,0,0,super-staff-webhook-dlq-manual-replay,0,0,0
maa-v2-promotion/,views_maa_promotion.MAA_V2_PromotionDashboardView.as_view,apps/migration_cloud/urls.py,apps/migration_cloud/views_maa_promotion.py,class,staff_member_required,,View,,1,0,0,0,0,super-staff-view-maa-promotion-status,0,0,0
maa/v2-counsel-activate/,views_maa_counsel_activate.MAACounselActivateView.as_view,apps/migration_cloud/urls.py,apps/migration_cloud/views_maa_counsel_activate.py,class,staff_member_required,,View,,1,0,0,0,0,super-staff-maa-counsel-activate,0,0,0
audit/,views_audit_admin.MigrationCloudAuditView.as_view,apps/migration_cloud/urls.py,apps/migration_cloud/views_audit_admin.py,class,staff_member_required,,View,,1,0,0,0,0,super-staff-audit-event-dashboard,0,0,0
audit/export/,views_audit_admin.MigrationCloudAuditExportView.as_view,apps/migration_cloud/urls.py,apps/migration_cloud/views_audit_admin.py,class,staff_member_required,,View,,1,0,0,0,0,super-staff-audit-event-export,0,0,0
health/,views_health.MigrationCloudHealthView.as_view,apps/migration_cloud/urls.py,apps/migration_cloud/views_health.py,class,staff_member_required,,View,,1,0,0,0,0,super-staff-migration-cloud-health-status,0,0,0
lms/diagnostics/,views_lms_diagnostics.lms_diagnostics,apps/migration_cloud/urls.py,apps/migration_cloud/views_lms_diagnostics.py,func,staff_member_required | require_http_methods(['GET']),,,,1,0,0,0,0,super-staff-migration-cloud-lms-diagnostics,0,0,0
lms/diagnostics/force-refresh/,views_lms_diagnostics.lms_diagnostics_force_refresh,apps/migration_cloud/urls.py,apps/migration_cloud/views_lms_diagnostics.py,func,staff_member_required | require_http_methods(['POST']),,,,1,0,0,0,0,super-staff-migration-cloud-lms-force-refresh,0,0,0
lms/diagnostics/force-rotate/,views_lms_diagnostics.lms_diagnostics_force_rotate,apps/migration_cloud/urls.py,apps/migration_cloud/views_lms_diagnostics.py,func,staff_member_required | require_http_methods(['POST']),,,,1,0,0,0,0,super-staff-migration-cloud-lms-force-rotate,0,0,0
lms/diagnostics/action-history/,views_lms_diagnostics.lms_diagnostics_action_history,apps/migration_cloud/urls.py,apps/migration_cloud/views_lms_diagnostics.py,func,staff_member_required | require_http_methods(['GET']),,,,1,0,0,0,0,super-staff-migration-cloud-lms-action-history,0,0,0
lms/diagnostics/retention-preview/,views_lms_diagnostics.lms_diagnostics_retention_preview,apps/migration_cloud/urls.py,apps/migration_cloud/views_lms_diagnostics.py,func,staff_member_required | require_http_methods(['GET']),,,,1,0,0,0,0,super-staff-migration-cloud-lms-retention-preview,0,0,0
lms/diagnostics/retention-purge/,views_lms_diagnostics.lms_diagnostics_retention_purge,apps/migration_cloud/urls.py,apps/migration_cloud/views_lms_diagnostics.py,func,staff_member_required | require_http_methods(['POST']),,,,1,0,0,0,0,super-staff-migration-cloud-lms-retention-purge,0,0,0
command-center/,views_command_center.MigrationCloudCommandCenterView.as_view,apps/migration_cloud/urls.py,apps/migration_cloud/views_command_center.py,class,staff_member_required,,View,,1,0,0,0,0,super-staff-migration-cloud-command-center,0,0,0
vendor-write-status/,_views_vendor_write_status.VendorWriteStatusView.as_view,apps/migration_cloud/urls.py,apps/migration_cloud/api/views_vendor_write_status.py,class,staff_member_required,,View,,1,0,0,0,0,super-staff-vendor-write-authorization-status,0,0,0
smoke/trigger/,views_smoke_trigger.SmokeRunTriggerView.as_view,apps/migration_cloud/urls.py,apps/migration_cloud/views_smoke_trigger.py,class,staff_member_required,,View,,1,0,0,0,0,super-staff-migration-cloud-smoke-on-demand-trigger,0,0,0
dsar/runbook/,views_dsar_admin.DSARRunbookView.as_view,apps/migration_cloud/urls.py,apps/migration_cloud/views_dsar_admin.py,class,staff_member_required,,View,,1,0,0,0,0,super-staff-dsar-runbook-view-record,0,0,0
smoke/history/,views_smoke_history.SmokeRunHistoryView.as_view,apps/migration_cloud/urls.py,apps/migration_cloud/views_smoke_history.py,class,staff_member_required,,View,,1,0,0,0,0,super-staff-migration-cloud-smoke-history,0,0,0
connectors/operator/,views_connectors.MigrationCloudConnectorOperatorView.as_view,apps/migration_cloud/urls.py,apps/migration_cloud/views_connectors.py,class,,,LoginRequiredMixin | TemplateView,,1,0,0,0,1,,0,0,0
,views_connectors.MigrationCloudConnectorHomeView.as_view,apps/migration_cloud/urls_connectors.py,apps/migration_cloud/views_connectors.py,class,,,LoginRequiredMixin | TemplateView,,1,0,0,0,1,,0,0,0
connect/,views_connectors.MigrationCloudConnectorConnectView.as_view,apps/migration_cloud/urls_connectors.py,apps/migration_cloud/views_connectors.py,class,csrf_protect,,LoginRequiredMixin | View,,1,0,0,0,1,,0,0,0
upload/,views_tenant_upload.TenantMigrationUploadView.as_view,apps/migration_cloud/urls_connectors.py,apps/migration_cloud/views_tenant_upload.py,class,,,LoginRequiredMixin | View,,1,0,0,0,1,,0,0,0
bundle/<int:bundle_id>/review/,views_tenant_upload.TenantMigrationReviewView.as_view,apps/migration_cloud/urls_connectors.py,apps/migration_cloud/views_tenant_upload.py,class,,,LoginRequiredMixin | View,,1,0,0,0,1,,0,0,0
bundle/<int:bundle_id>/progress/,views_tenant_upload.TenantMigrationProgressView.as_view,apps/migration_cloud/urls_connectors.py,apps/migration_cloud/views_tenant_upload.py,class,,,LoginRequiredMixin | View,,1,0,0,0,1,,0,0,0
bundle/<int:bundle_id>/apply/,views_tenant_upload.TenantMigrationApplyView.as_view,apps/migration_cloud/urls_connectors.py,apps/migration_cloud/views_tenant_upload.py,class,,,LoginRequiredMixin | View,,1,0,0,0,1,,0,0,0
bundle/<int:bundle_id>/repair/,views_tenant_upload.TenantMigrationRepairView.as_view,apps/migration_cloud/urls_connectors.py,apps/migration_cloud/views_tenant_upload.py,class,,,LoginRequiredMixin | View,,1,0,0,0,1,,0,0,0
<uuid:connection_id>/discover/,views_connectors.MigrationCloudConnectorDiscoverView.as_view,apps/migration_cloud/urls_connectors.py,apps/migration_cloud/views_connectors.py,class,,,LoginRequiredMixin | View,,1,0,0,0,1,,0,0,0
<uuid:connection_id>/discover/<uuid:run_id>/mapping/,views_connectors.MigrationCloudConnectorMappingView.as_view,apps/migration_cloud/urls_connectors.py,apps/migration_cloud/views_connectors.py,class,,,LoginRequiredMixin | View,,1,0,0,0,1,,0,0,0
<uuid:connection_id>/discover/<uuid:run_id>/validate/,views_connectors.MigrationCloudConnectorValidateView.as_view,apps/migration_cloud/urls_connectors.py,apps/migration_cloud/views_connectors.py,class,,,LoginRequiredMixin | View,,1,0,0,0,1,,0,0,0
<uuid:connection_id>/quarantine/<uuid:batch_id>/,views_connectors.MigrationCloudConnectorQuarantineView.as_view,apps/migration_cloud/urls_connectors.py,apps/migration_cloud/views_connectors.py,class,,,LoginRequiredMixin | TemplateView,,1,0,0,0,1,,0,0,0
<uuid:connection_id>/import/<uuid:batch_id>/,views_connectors.MigrationCloudConnectorImportView.as_view,apps/migration_cloud/urls_connectors.py,apps/migration_cloud/views_connectors.py,class,,,LoginRequiredMixin | View,,1,0,0,0,1,,0,0,0
<uuid:connection_id>/review/<uuid:import_run_id>/,views_connectors.MigrationCloudConnectorReviewView.as_view,apps/migration_cloud/urls_connectors.py,apps/migration_cloud/views_connectors.py,class,,,LoginRequiredMixin | TemplateView,,1,0,0,0,1,,0,0,0
<uuid:connection_id>/revoke/,views_connectors.MigrationCloudConnectorRevokeView.as_view,apps/migration_cloud/urls_connectors.py,apps/migration_cloud/views_connectors.py,class,csrf_protect,,LoginRequiredMixin | View,,1,0,0,0,1,,0,0,0
,views_customer.MigrationIntakeListView.as_view,apps/migration_cloud/urls_customer.py,apps/migration_cloud/views_customer.py,class,,,LoginRequiredMixin | View,,1,0,0,0,1,,0,0,0
start/,views_customer.MigrationIntakeStartView.as_view,apps/migration_cloud/urls_customer.py,apps/migration_cloud/views_customer.py,class,csrf_protect,,LoginRequiredMixin | View,,1,0,0,0,1,,0,0,0
<uuid:id>/sign-maa/,views_customer.MigrationIntakeMAASignView.as_view,apps/migration_cloud/urls_customer.py,apps/migration_cloud/views_customer.py,class,csrf_protect,,LoginRequiredMixin | View,,1,0,0,0,1,,0,0,0
<uuid:id>/status/,views_customer.MigrationIntakeStatusView.as_view,apps/migration_cloud/urls_customer.py,apps/migration_cloud/views_customer.py,class,,,LoginRequiredMixin | View,,1,0,0,0,1,,0,0,0
<uuid:id>/status/stream/,views_customer.MigrationIntakeStatusStreamView.as_view,apps/migration_cloud/urls_customer.py,apps/migration_cloud/views_customer.py,class,,,LoginRequiredMixin | View,,1,0,0,0,1,,0,0,0
<uuid:id>/abandon/,views_customer.MigrationIntakeAbandonView.as_view,apps/migration_cloud/urls_customer.py,apps/migration_cloud/views_customer.py,class,csrf_protect,,LoginRequiredMixin | View,,1,0,0,0,1,,0,0,0
<uuid:intake_id>/consent/,views_guardian_consent_admin.GuardianConsentCampaignStatusView.as_view,apps/migration_cloud/urls_guardian_consent.py,apps/migration_cloud/views_guardian_consent_admin.py,class,,,LoginRequiredMixin | View,,1,0,0,0,1,,0,0,0
<uuid:intake_id>/consent/campaign/start/,views_guardian_consent_admin.GuardianConsentCampaignStartView.as_view,apps/migration_cloud/urls_guardian_consent.py,apps/migration_cloud/views_guardian_consent_admin.py,class,csrf_protect,,LoginRequiredMixin | View,,1,0,0,0,1,,0,0,0
<uuid:intake_id>/consent/<uuid:token_id>/resend/,views_guardian_consent_admin.GuardianConsentResendView.as_view,apps/migration_cloud/urls_guardian_consent.py,apps/migration_cloud/views_guardian_consent_admin.py,class,csrf_protect,,LoginRequiredMixin | View,,1,0,0,0,1,,0,0,0
workbench/,views.operator_workbench,apps/orchestration/urls.py,apps/orchestration/views.py,func,staff_member_required,,,,1,0,0,0,0,,0,0,0
runs/<int:run_id>/retry/,views.retry_run,apps/orchestration/urls.py,apps/orchestration/views.py,func,staff_member_required,,,,1,0,0,0,0,,0,0,0
api/runs/,api.runs_list_or_create,apps/orchestration/urls.py,,,,,,,0,0,0,0,0,,0,1,0
api/runs/<int:run_id>/,api.run_detail,apps/orchestration/urls.py,apps/payroll/views.py,func,"require_permission('payroll.view', 'payroll.manage')",,,,1,0,1,0,0,,0,0,0
api/runs/<int:run_id>/events/,api.run_events,apps/orchestration/urls.py,,,,,,,0,0,0,0,0,,0,1,0
api/runs/<int:run_id>/cancel/,api.run_cancel,apps/orchestration/urls.py,,,,,,,0,0,0,0,0,,0,1,0
api/runs/<int:run_id>/retry/,api.run_retry,apps/orchestration/urls.py,,,,,,,0,0,0,0,0,,0,1,0
api/slo/,api.slo_snapshot,apps/orchestration/urls.py,,,,,,,0,0,0,0,0,,0,1,0
,dashboard,apps/payroll/urls.py,apps/payroll/views.py,func,"require_permission('payroll.view', 'payroll.manage')",,,,1,0,1,0,0,,0,0,0
runs/create/,create_run,apps/payroll/urls.py,apps/payroll/views.py,func,require_permission('payroll.manage'),,,,1,0,1,0,0,,0,0,0
runs/<int:run_id>/,run_detail,apps/payroll/urls.py,apps/payroll/views.py,func,"require_permission('payroll.view', 'payroll.manage')",,,,1,0,1,0,0,,0,0,0
runs/<int:run_id>/generate/,generate_run,apps/payroll/urls.py,apps/payroll/views.py,func,require_permission('payroll.manage'),,,,1,0,1,0,0,,0,0,0
runs/<int:run_id>/mark-paid/,mark_run_paid,apps/payroll/urls.py,apps/payroll/views.py,func,require_permission('payroll.manage') | require_POST,,,,1,0,1,0,0,,0,0,0
runs/<int:run_id>/disbursement.csv,export_disbursement,apps/payroll/urls.py,apps/payroll/views.py,func,"require_permission('payroll.view', 'payroll.manage') | require_GET",,,,1,0,1,0,0,,0,0,0
employee/payslips/,employee_payslips,apps/payroll/urls.py,apps/payroll/views.py,func,login_required,,,,1,0,0,0,0,,0,0,0
employee/leave/,employee_leave,apps/payroll/urls.py,apps/payroll/views.py,func,login_required,,,,1,0,0,0,0,,0,0,0
lifecycle/,tenant_lifecycle_dashboard,apps/platform_runtime/urls.py,apps/platform_runtime/views_tenant_lifecycle.py,func,login_required,,,,1,0,0,0,0,,0,0,0
implementation/,implementation_command_center,apps/platform_runtime/urls.py,apps/platform_runtime/views_operational_center.py,func,login_required,,,,1,0,0,0,0,,0,0,0
implementation/blockers.json,implementation_missing_data_blockers_json,apps/platform_runtime/urls.py,apps/platform_runtime/views_operational_center.py,func,login_required | require_GET,,,,1,0,0,0,0,,0,0,0
support-playbooks/,support_playbook_center,apps/platform_runtime/urls.py,apps/platform_runtime/views_operational_center.py,func,login_required,,,,1,0,0,0,0,,0,0,0
pilot-evidence/,pilot_evidence_dashboard,apps/platform_runtime/urls.py,apps/platform_runtime/views_operational_center.py,func,login_required,,,,1,0,0,0,0,,0,0,0
pilot-defects/,pilot_defect_dashboard,apps/platform_runtime/urls.py,apps/platform_runtime/views_operational_center.py,func,"login_required | csrf_protect | require_http_methods(['GET', 'POST'])",,,,1,0,0,0,0,,0,0,0
ai/stream/,ai_stream_view,apps/portal/urls.py,apps/portal/views_ai_stream.py,func,csrf_protect | login_required | require_http_methods(['POST']),,,,1,0,0,0,0,,0,0,0
ai/mode/,ai_mode_view,apps/portal/urls.py,apps/portal/views_ai_mode.py,func,"require_http_methods(['GET', 'POST'])",,,,1,0,0,1,0,,0,0,0
security/mfa-policy/,mfa_policy_view,apps/portal/urls.py,apps/portal/views_mfa_policy.py,func,"require_http_methods(['GET', 'POST'])",,,,1,0,0,1,0,,0,0,0
copilot/rail/context/,TenantCopilotRailContextView.as_view,apps/portal/urls.py,apps/portal/views_copilot_rail.py,class,never_cache,,LoginRequiredMixin | View,,1,0,0,0,1,,0,0,0
copilot/rail/insights/,TenantCopilotRailInsightsView.as_view,apps/portal/urls.py,apps/portal/views_copilot_rail.py,class,never_cache,,LoginRequiredMixin | View,,1,0,0,0,1,,0,0,0
copilot/rail/send/,TenantCopilotRailSendView.as_view,apps/portal/urls.py,apps/portal/views_copilot_rail.py,class,never_cache,,LoginRequiredMixin | View,,1,0,0,0,1,,0,0,0
copilot/rail/send-stream/,TenantCopilotRailSendStreamView.as_view,apps/portal/urls.py,apps/portal/views_copilot_rail.py,class,never_cache,,LoginRequiredMixin | View,,1,0,0,0,1,,0,0,0
ai/agentic-actions/,tenant_agentic_actions,apps/portal/urls.py,apps/portal/views_agentic.py,func,"login_required | role_required(User.Role.ADMIN, User.Role.LEADERSHIP, User.Role.PRINCIPAL) | require_http_methods(['GET', 'POST'])",,,"User.Role.ADMIN,User.Role.LEADERSHIP,User.Role.PRINCIPAL",1,1,0,0,0,,0,0,0
configure/ai-line-intents/,tenant_ai_line_intents_view,apps/portal/urls.py,apps/portal/views_ai_line_admin.py,func,login_required | require_http_methods(['GET']),,,,1,0,0,0,0,,0,0,0
configure/ai-line-intents/save/,tenant_ai_line_intents_save,apps/portal/urls.py,apps/portal/views_ai_line_admin.py,func,login_required | require_http_methods(['POST']) | csrf_protect,,,,1,0,0,0,0,,0,0,0
super/ai-line/intent-coverage/,ai_line_intent_coverage,apps/portal/urls.py,apps/portal/views_ai_line_admin.py,func,staff_member_required,,,,1,0,0,0,0,,0,0,0
super/wedges/,wedge_index,apps/portal/urls.py,apps/portal/views_wedges.py,func,staff_member_required | require_http_methods(['GET']),,,,1,0,0,0,0,,0,0,0
super/wedge/<int:wedge_id>/,wedge_detail,apps/portal/urls.py,apps/portal/views_wedges.py,func,staff_member_required | require_http_methods(['GET']),,,,1,0,0,0,0,,0,0,0
super/wedges/countries/,countries_by_wedge,apps/portal/urls.py,apps/portal/views_wedge_surfaces.py,func,staff_member_required | require_http_methods(['GET']),,,,1,0,0,0,0,,0,0,0
super/wedges/integrations/,integrations_by_wedge,apps/portal/urls.py,apps/portal/views_wedge_surfaces.py,func,staff_member_required | require_http_methods(['GET']),,,,1,0,0,0,0,,0,0,0
super/wedges/grading-scales/,grading_scales_by_wedge,apps/portal/urls.py,apps/portal/views_wedge_surfaces.py,func,staff_member_required | require_http_methods(['GET']),,,,1,0,0,0,0,,0,0,0
super/wedges/institution-types/,institution_types_by_wedge,apps/portal/urls.py,apps/portal/views_wedge_surfaces.py,func,staff_member_required | require_http_methods(['GET']),,,,1,0,0,0,0,,0,0,0
super/wedges/multicampus-billing/,multicampus_billing,apps/portal/urls.py,apps/portal/views_multicampus_billing.py,func,staff_member_required | require_http_methods(['GET']),,,,1,0,0,0,0,,0,0,0
configure/institution-type/,assignment_view,apps/portal/urls.py,apps/portal/views_institution_assign.py,func,login_required | require_http_methods(['GET']),,,,1,0,0,0,0,,0,0,0
configure/institution-type/save/,assignment_save,apps/portal/urls.py,apps/portal/views_institution_assign.py,func,login_required | require_http_methods(['POST']) | csrf_protect,,,,1,0,0,0,0,,0,0,0
super/wedges/multicampus-academics/,multicampus_academics,apps/portal/urls.py,apps/portal/views_multicampus_academics.py,func,staff_member_required | require_http_methods(['GET']),,,,1,0,0,0,0,,0,0,0
super/wedges/multicampus-extension/,multicampus_extension,apps/portal/urls.py,apps/portal/views_multicampus_extension.py,func,staff_member_required | require_http_methods(['GET']),,,,1,0,0,0,0,,0,0,0
super/integrations/lms/,lms_index,apps/portal/urls.py,apps/portal/views_lms_console.py,func,staff_member_required | require_http_methods(['GET']),,,,1,0,0,0,0,,0,0,0
super/integrations/lms/audit/,lms_audit_index,apps/portal/urls.py,apps/portal/views_lms_audit.py,func,staff_member_required | require_http_methods(['GET']),,,,1,0,0,0,0,,0,0,0
super/integrations/lms/audit/exports/,lms_audit_export_index,apps/portal/urls.py,apps/portal/views_lms_audit.py,func,staff_member_required | require_http_methods(['GET']),,,,1,0,0,0,0,,0,0,0
super/integrations/lms/audit/exports/<str:filename>/,lms_audit_export_download,apps/portal/urls.py,apps/portal/views_lms_audit.py,func,staff_member_required | require_http_methods(['GET']),,,,1,0,0,0,0,,0,0,0
super/integrations/oneroster/idempotency-audit/,idempotency_audit_index,apps/portal/urls.py,apps/portal/views_idempotency_audit.py,func,staff_member_required | require_http_methods(['GET']),,,,1,0,0,0,0,,0,0,0
super/integrations/lms/<str:provider>/,lms_provider_detail,apps/portal/urls.py,apps/portal/views_lms_console.py,func,staff_member_required | require_http_methods(['GET']),,,,1,0,0,0,0,,0,0,0
super/integrations/lms/<str:provider>/save/,lms_token_save,apps/portal/urls.py,apps/portal/views_lms_console.py,func,staff_member_required | csrf_protect | require_http_methods(['POST']),,,,1,0,0,0,0,,0,0,0
super/integrations/lms/<str:provider>/push-grade/,lms_push_grade,apps/portal/urls.py,apps/portal/views_lms_console.py,func,staff_member_required | csrf_protect | require_http_methods(['POST']),,,,1,0,0,0,0,,0,0,0
super/integrations/lms/<str:provider>/refresh-token/,lms_token_refresh,apps/portal/urls.py,apps/portal/views_lms_console.py,func,staff_member_required | csrf_protect | require_http_methods(['POST']),,,,1,0,0,0,0,,0,0,0
super/integrations/lms/<str:provider>/pkce/start/,lms_pkce_start,apps/portal/urls.py,apps/portal/views_lms_pkce.py,func,staff_member_required | require_http_methods(['GET']),,,,1,0,0,0,0,,0,0,0
super/integrations/lms/<str:provider>/pkce/callback/,lms_pkce_callback,apps/portal/urls.py,apps/portal/views_lms_pkce.py,func,staff_member_required | require_http_methods(['GET']),,,,1,0,0,0,0,,0,0,0
super/integrations/lms/<str:provider>/pkce/build/,lms_pkce_build,apps/portal/urls.py,apps/portal/views_lms_pkce.py,func,staff_member_required | require_http_methods(['GET']),,,,1,0,0,0,0,,0,0,0
super/sso/bindings/,tenant_bindings_index,apps/portal/urls.py,apps/portal/views_tenant_binding.py,func,staff_member_required | require_http_methods(['GET']),,,,1,0,0,0,0,,0,0,0
super/sso/bindings/reassign/,tenant_binding_reassign,apps/portal/urls.py,apps/portal/views_tenant_binding.py,func,staff_member_required | csrf_protect | require_http_methods(['POST']),,,,1,0,0,0,0,,0,0,0
super/devices/,device_registrations_index,apps/portal/urls.py,apps/portal/views_device_governance.py,func,staff_member_required | require_http_methods(['GET']),,,,1,0,0,0,0,,0,0,0
super/devices/revoke/,device_registration_revoke,apps/portal/urls.py,apps/portal/views_device_governance.py,func,staff_member_required | csrf_protect | require_http_methods(['POST']),,,,1,0,0,0,0,,0,0,0
super/devices/reinstate/,device_registration_reinstate,apps/portal/urls.py,apps/portal/views_device_governance.py,func,staff_member_required | csrf_protect | require_http_methods(['POST']),,,,1,0,0,0,0,,0,0,0
super/sync-health/,sync_health_index,apps/portal/urls.py,apps/portal/views_sync_health.py,func,staff_member_required | require_http_methods(['GET']),,,,1,0,0,0,0,,0,0,0
super/transfers/,transfer_cases_index,apps/portal/urls.py,apps/portal/views_transfers.py,func,staff_member_required | require_http_methods(['GET']),,,,1,0,0,0,0,,0,0,0
super/transfers/create/,transfer_case_create,apps/portal/urls.py,apps/portal/views_transfers.py,func,staff_member_required | csrf_protect | require_http_methods(['POST']),,,,1,0,0,0,0,,0,0,0
super/transfers/request-consent/,transfer_case_request_consent,apps/portal/urls.py,apps/portal/views_transfers.py,func,staff_member_required | csrf_protect | require_http_methods(['POST']),,,,1,0,0,0,0,,0,0,0
super/transfers/run/,transfer_case_run,apps/portal/urls.py,apps/portal/views_transfers.py,func,staff_member_required | csrf_protect | require_http_methods(['POST']),,,,1,0,0,0,0,,0,0,0
super/transfers/abort/,transfer_case_abort,apps/portal/urls.py,apps/portal/views_transfers.py,func,staff_member_required | csrf_protect | require_http_methods(['POST']),,,,1,0,0,0,0,,0,0,0
super/merges/,merge_ops_index,apps/portal/urls.py,apps/portal/views_merge.py,func,staff_member_required | require_http_methods(['GET']),,,,1,0,0,0,0,,0,0,0
super/merges/create/,merge_op_create,apps/portal/urls.py,apps/portal/views_merge.py,func,staff_member_required | csrf_protect | require_http_methods(['POST']),,,,1,0,0,0,0,,0,0,0
super/merges/approve/,merge_op_approve,apps/portal/urls.py,apps/portal/views_merge.py,func,staff_member_required | csrf_protect | require_http_methods(['POST']),,,,1,0,0,0,0,,0,0,0
super/merges/apply/,merge_op_apply,apps/portal/urls.py,apps/portal/views_merge.py,func,staff_member_required | csrf_protect | require_http_methods(['POST']),,,,1,0,0,0,0,,0,0,0
super/school-batches/,school_batches_index,apps/portal/urls.py,apps/portal/views_school_batches.py,func,staff_member_required | require_http_methods(['GET']),,,,1,0,0,0,0,,0,0,0
super/school-batches/create/,school_batch_create,apps/portal/urls.py,apps/portal/views_school_batches.py,func,staff_member_required | csrf_protect | require_http_methods(['POST']),,,,1,0,0,0,0,,0,0,0
super/school-batches/approve/,school_batch_approve,apps/portal/urls.py,apps/portal/views_school_batches.py,func,staff_member_required | csrf_protect | require_http_methods(['POST']),,,,1,0,0,0,0,,0,0,0
super/school-batches/start/,school_batch_start,apps/portal/urls.py,apps/portal/views_school_batches.py,func,staff_member_required | csrf_protect | require_http_methods(['POST']),,,,1,0,0,0,0,,0,0,0
super/school-batches/advance/,school_batch_advance,apps/portal/urls.py,apps/portal/views_school_batches.py,func,staff_member_required | csrf_protect | require_http_methods(['POST']),,,,1,0,0,0,0,,0,0,0
super/school-batches/cancel/,school_batch_cancel,apps/portal/urls.py,apps/portal/views_school_batches.py,func,staff_member_required | csrf_protect | require_http_methods(['POST']),,,,1,0,0,0,0,,0,0,0
super/school-batches/wind-down/,school_batch_wind_down,apps/portal/urls.py,apps/portal/views_school_batches.py,func,staff_member_required | csrf_protect | require_http_methods(['POST']),,,,1,0,0,0,0,,0,0,0
ai/draft/parent-message/,ai_draft_parent_message,apps/portal/urls.py,apps/portal/views_ai_draft.py,func,login_required | require_POST,,,,1,0,0,0,0,,0,0,0
ai/draft/report-card-comment/,ai_draft_report_card_comment,apps/portal/urls.py,apps/portal/views_ai_draft.py,func,login_required | require_POST,,,,1,0,0,0,0,,0,0,0
ai/draft/lesson-outline/,ai_draft_lesson_outline,apps/portal/urls.py,apps/portal/views_ai_draft.py,func,login_required | require_POST,,,,1,0,0,0,0,,0,0,0
ai/draft/announcement/,ai_draft_announcement,apps/portal/urls.py,apps/portal/views_ai_draft.py,func,login_required | require_POST,,,,1,0,0,0,0,,0,0,0
ai/suggest/subject-lines/,ai_suggest_subject_lines,apps/portal/urls.py,apps/portal/views_ai_draft.py,func,login_required | require_POST,,,,1,0,0,0,0,,0,0,0
ai/rewrite/plain-language/,ai_rewrite_plain_language,apps/portal/urls.py,apps/portal/views_ai_draft.py,func,login_required | require_POST,,,,1,0,0,0,0,,0,0,0
ai/suggest/replies/,ai_suggest_replies,apps/portal/urls.py,apps/portal/views_ai_draft.py,func,login_required | require_POST,,,,1,0,0,0,0,,0,0,0
ai/summarize/thread/,ai_summarize_thread,apps/portal/urls.py,apps/portal/views_ai_draft.py,func,login_required | require_POST,,,,1,0,0,0,0,,0,0,0
guide/,runmycampus_guide,apps/portal/urls.py,apps/portal/views_runmycampus_guide.py,func,login_required,,,,1,0,0,0,0,,0,0,0
education/teacher/,education_pack_teacher,apps/portal/urls.py,apps/portal/views_education_pack.py,func,login_required,,,,1,0,0,0,0,,0,0,0
education/parent/,education_pack_parent,apps/portal/urls.py,apps/portal/views_education_pack.py,func,login_required,,,,1,0,0,0,0,,0,0,0
partner-docs/assistant/,partner_documentation_assistant,apps/portal/urls.py,apps/portal/views_partner_docs.py,func,login_required,,,,1,0,0,0,0,,0,0,0
,parent_dashboard,apps/portal/urls.py,apps/portal/views_parent.py,func,parent_portal_required | role_required(User.Role.PARENT) | trace_view('parent.dashboard.render'),,,User.Role.PARENT,1,1,0,0,0,,0,0,0
home/,parent_dashboard,apps/portal/urls.py,apps/portal/views_parent.py,func,parent_portal_required | role_required(User.Role.PARENT) | trace_view('parent.dashboard.render'),,,User.Role.PARENT,1,1,0,0,0,,0,0,0
parent/,parent_dashboard,apps/portal/urls.py,apps/portal/views_parent.py,func,parent_portal_required | role_required(User.Role.PARENT) | trace_view('parent.dashboard.render'),,,User.Role.PARENT,1,1,0,0,0,,0,0,0
parent/workflow/,parent_workflow_center,apps/portal/urls.py,apps/portal/views_parent.py,func,parent_portal_required | role_required(User.Role.PARENT),,,User.Role.PARENT,1,1,0,0,0,,0,0,0
parent/results/<int:student_id>/,parent_child_results,apps/portal/urls.py,apps/portal/views_parent.py,func,parent_portal_required | role_required(User.Role.PARENT) | audit_pii_view,,,User.Role.PARENT,1,1,0,0,0,,0,0,0
parent/link-child/,link_child_wizard,apps/portal/urls.py,apps/portal/views_parent.py,func,parent_portal_required | role_required(User.Role.PARENT),,,User.Role.PARENT,1,1,0,0,0,,0,0,0
parent/link-child/legacy/,link_child,apps/portal/urls.py,apps/portal/views_parent.py,func,parent_portal_required | role_required(User.Role.PARENT),,,User.Role.PARENT,1,1,0,0,0,,0,0,0
parent/set-active-child/<int:child_id>/,parent_set_active_child,apps/portal/urls.py,apps/portal/views_parent.py,func,parent_portal_required | role_required(User.Role.PARENT),,,User.Role.PARENT,1,1,0,0,0,,0,0,0
parent/claim-invite/,claim_invite,apps/portal/urls.py,apps/portal/views_parent.py,func,parent_portal_required | role_required(User.Role.PARENT),,,User.Role.PARENT,1,1,0,0,0,,0,0,0
parent/claim-invite/<str:token>/,claim_invite,apps/portal/urls.py,apps/portal/views_parent.py,func,parent_portal_required | role_required(User.Role.PARENT),,,User.Role.PARENT,1,1,0,0,0,,0,0,0
parent/finance/,parent_finance,apps/portal/urls.py,apps/portal/views_parent_finance.py,func,parent_portal_required | role_required(User.Role.PARENT),,,User.Role.PARENT,1,1,0,0,0,,0,0,0
parent/finance/health/,parent_finance_health,apps/portal/urls.py,,,,,,,0,0,0,0,0,,0,1,0
parent/finance/pay-all/,parent_finance_pay_all,apps/portal/urls.py,apps/portal/views_parent_finance.py,func,"parent_portal_required | role_required(User.Role.PARENT) | require_http_methods(['GET', 'POST'])",,,User.Role.PARENT,1,1,0,0,0,,0,0,0
parent/wallet/,parent_wallet,apps/portal/urls.py,apps/portal/views_parent_finance.py,func,parent_portal_required | role_required(User.Role.PARENT),,,User.Role.PARENT,1,1,0,0,0,,0,0,0
parent/settings/security/,parent_settings_security,apps/portal/urls.py,apps/portal/views_parent.py,func,parent_portal_required | role_required(User.Role.PARENT),,,User.Role.PARENT,1,1,0,0,0,,0,0,0
parent/data-rights/,parent_data_rights,apps/portal/urls.py,apps/portal/views_parent_gdpr.py,func,"login_required | require_http_methods(['GET', 'POST'])",,,,1,0,0,0,0,,0,0,0
parent/data-rights/status.json,api_parent_data_rights_status,apps/portal/urls.py,apps/portal/views_parent_gdpr.py,func,login_required | require_http_methods(['GET']),,,,1,0,0,0,0,,0,0,0
parent/feed/,parent_feed,apps/portal/urls.py,apps/portal/views_parent_finance.py,func,parent_portal_required | role_required(User.Role.PARENT),,,User.Role.PARENT,1,1,0,0,0,,0,0,0
teacher/feed/,teacher_feed,apps/portal/urls.py,apps/portal/views_teacher.py,func,role_required(User.Role.TEACHER),,,User.Role.TEACHER,1,1,0,0,0,,0,0,0
proud-campus/,proud_campus_feed,apps/portal/urls.py,apps/social_media/views.py,func,"login_required | role_required(User.Role.ADMIN, User.Role.IT_ADMIN, User.Role.LEADERSHIP, User.Role.TEACHER)",,,"User.Role.ADMIN,User.Role.IT_ADMIN,User.Role.LEADERSHIP,User.Role.TEACHER",1,1,0,0,0,,0,0,0
parent/contact-school/,parent_contact_school,apps/portal/urls.py,apps/portal/views_contact_requests.py,func,parent_portal_required | role_required(User.Role.PARENT),,,User.Role.PARENT,1,1,0,0,0,,0,0,0
parent/medal-case/,parent_medal_case,apps/portal/urls.py,apps/portal/views_parent.py,func,parent_portal_required,,,,1,0,0,0,0,inline-auth (login redirect inside view),0,0,0
parent/child/<int:student_id>/id/,child_digital_id,apps/portal/urls.py,apps/portal/views_parent.py,func,parent_portal_required | role_required(User.Role.PARENT) | login_required,,,User.Role.PARENT,1,1,0,0,0,,0,0,0
teacher/my-id/,my_digital_id,apps/portal/urls.py,apps/portal/views.py,func,teacher_portal_required | role_required(User.Role.TEACHER) | login_required,,,User.Role.TEACHER,1,1,0,0,0,,0,0,0
badge/verify/,badge_verify,apps/portal/urls.py,apps/portal/views.py,func,never_cache,,,,1,0,0,0,0,public badge-verifier — anyone with the badge URL can verify authenticity,0,0,0
support/hub/,support_help_hub,apps/portal/urls.py,apps/portal/views_support.py,func,login_required,,,,1,0,0,0,0,,0,0,0
support/ticket/<uuid:ticket_id>/,support_ticket_detail,apps/portal/urls.py,apps/portal/views_support.py,func,login_required,,,,1,0,0,0,0,,0,0,0
support/,support_request,apps/portal/urls.py,apps/portal/views_support.py,func,login_required,,,,1,0,0,0,0,,0,0,0
support/quick-create/,support_quick_create,apps/portal/urls.py,apps/portal/views_support_quick.py,func,login_required | require_POST,,,,1,0,0,0,0,,0,0,0
api/v1/kb/search/,kb_search_inline,apps/portal/urls.py,apps/portal/views_support_quick.py,func,login_required,,,,1,0,0,0,0,,0,0,0
api/v1/kb/offline-pack/,views_kb_offline.api_kb_offline_pack,apps/portal/urls.py,apps/portal/views_kb_offline.py,func,login_required | require_GET,,,,1,0,0,0,0,,0,0,0
api/operational-health.json,tenant_operational_health_json,apps/portal/urls.py,apps/schools/views_tenant_health_api.py,func,login_required | require_GET,,,,1,0,0,0,0,,0,0,0
api/operational-health/stream/,TenantHealthStreamView.as_view,apps/portal/urls.py,apps/schools/views_tenant_health_api.py,class,login_required,,View,,1,0,0,0,0,,0,0,0
offline/sync-queue/,offline_sync_queue,apps/portal/urls.py,apps/portal/views_offline_sync.py,func,"login_required | require_http_methods(['GET', 'POST'])",,,,1,0,0,0,0,,0,0,0
offline/conflicts/,offline_sync_conflicts,apps/portal/urls.py,apps/portal/views_offline_sync.py,func,"login_required | require_http_methods(['GET', 'POST'])",,,,1,0,0,0,0,,0,0,0
api/offline/enqueue/,api_offline_enqueue,apps/portal/urls.py,apps/portal/views_offline_sync.py,func,login_required | require_http_methods(['POST']),,,,1,0,0,0,0,,0,0,0
api/offline/process/,api_offline_process,apps/portal/urls.py,apps/portal/views_offline_sync.py,func,login_required | require_http_methods(['POST']),,,,1,0,0,0,0,,0,0,0
api/offline/apply-batch/,api_offline_apply_batch,apps/portal/urls.py,apps/portal/views_offline_sync.py,func,login_required | require_http_methods(['POST']),,,,1,0,0,0,0,,0,0,0
parent/performance/,parent_child_results,apps/portal/urls.py,apps/portal/views_parent.py,func,parent_portal_required | role_required(User.Role.PARENT) | audit_pii_view,,,User.Role.PARENT,1,1,0,0,0,,0,0,0
forums/,views_forums.forum_home,apps/portal/urls.py,apps/portal/views_forums.py,func,login_required | require_http_methods(['GET']),,,,1,0,0,0,0,,0,0,0
forums/new/,views_forums.forum_new_topic,apps/portal/urls.py,apps/portal/views_forums.py,func,"login_required | require_http_methods(['GET', 'POST'])",,,,1,0,0,0,0,,0,0,0
forums/category/<slug:category_slug>/,views_forums.forum_category,apps/portal/urls.py,apps/portal/views_forums.py,func,login_required | require_http_methods(['GET']),,,,1,0,0,0,0,,0,0,0
forums/topic/<int:topic_id>/,views_forums.forum_topic,apps/portal/urls.py,apps/portal/views_forums.py,func,"login_required | require_http_methods(['GET', 'POST'])",,,,1,0,0,0,0,,0,0,0
features/<str:feature>/,portal_feature_page,apps/portal/urls.py,apps/portal/views.py,func,login_required,,,,1,0,0,0,0,,0,0,0
parent/stats/,portal_stats,apps/portal/urls.py,apps/portal/views_parent.py,func,parent_portal_required | role_required(User.Role.PARENT),,,User.Role.PARENT,1,1,0,0,0,,0,0,0
syllabus/,portal_syllabus,apps/portal/urls.py,apps/portal/views_student.py,func,"role_required(User.Role.PARENT, User.Role.TEACHER, User.Role.STUDENT)",,,"User.Role.PARENT,User.Role.STUDENT,User.Role.TEACHER",1,1,0,0,0,,0,0,0
calendar/,unified_calendar,apps/portal/urls.py,apps/portal/views.py,func,login_required,,,,1,0,0,0,0,,0,0,0
preview/syllabus/,preview_student_syllabus,apps/portal/urls.py,apps/portal/views_student.py,func,role_required(User.Role.ADMIN) | xframe_options_sameorigin,,,User.Role.ADMIN,1,1,0,0,0,,0,0,0
preview/communication/,preview_communication_test,apps/portal/urls.py,apps/portal/views_student.py,func,role_required(User.Role.ADMIN) | require_POST,,,User.Role.ADMIN,1,1,0,0,0,,0,0,0
teacher/,teacher_dashboard_alias,apps/portal/urls.py,apps/portal/views_teacher.py,func,login_required,,,,1,0,0,0,0,,0,0,0
teacher/workflow/,teacher_workflow_alias,apps/portal/urls.py,apps/portal/views_teacher.py,func,login_required,,,,1,0,0,0,0,,0,0,0
teacher/onboarding/,teacher_onboarding_wizard,apps/portal/urls.py,apps/portal/views_onboarding.py,func,,,,,1,0,0,1,0,,0,0,0
teacher/bulk-capture/,teacher_bulk_capture_hub,apps/portal/urls.py,apps/portal/views_bulk_capture.py,func,teacher_portal_required | role_required(User.Role.TEACHER),,,User.Role.TEACHER,1,1,0,0,0,,0,0,0
teacher/attendance/,teacher_attendance_view,apps/portal/urls.py,apps/portal/views_teacher.py,func,teacher_portal_required | role_required(User.Role.TEACHER) | trace_view('teacher.attendance.view'),,,User.Role.TEACHER,1,1,0,0,0,,0,0,0
teacher/attendance/export/,teacher_attendance_export,apps/portal/urls.py,apps/portal/views_teacher.py,func,teacher_portal_required | role_required(User.Role.TEACHER),,,User.Role.TEACHER,1,1,0,0,0,,0,0,0
teacher/pay-history/,teacher_pay_history,apps/portal/urls.py,apps/portal/views_teacher.py,func,teacher_portal_required | role_required(User.Role.TEACHER),,,User.Role.TEACHER,1,1,0,0,0,,0,0,0
teacher/leave/,teacher_leave,apps/portal/urls.py,apps/portal/views_teacher.py,func,teacher_portal_required | role_required(User.Role.TEACHER),,,User.Role.TEACHER,1,1,0,0,0,,0,0,0
teacher/timetable/,teacher_timetable,apps/portal/urls.py,apps/portal/views_teacher.py,func,teacher_portal_required | role_required(User.Role.TEACHER),,,User.Role.TEACHER,1,1,0,0,0,,0,0,0
teacher/lesson-notes/,teacher_lesson_notes,apps/portal/urls.py,apps/portal/views_teacher.py,func,teacher_portal_required | role_required(User.Role.TEACHER),,,User.Role.TEACHER,1,1,0,0,0,,0,0,0
teacher/lesson-notes/<int:lesson_plan_id>/add-resource/,teacher_lesson_plan_add_attachment,apps/portal/urls.py,apps/portal/views_teacher.py,func,teacher_portal_required | role_required(User.Role.TEACHER),,,User.Role.TEACHER,1,1,0,0,0,,0,0,0
teacher/wellness/,teacher_wellness,apps/portal/urls.py,apps/portal/views_teacher.py,func,teacher_portal_required | role_required(User.Role.TEACHER),,,User.Role.TEACHER,1,1,0,0,0,,0,0,0
teacher/hr-status/,teacher_hr_status,apps/portal/urls.py,apps/portal/views_teacher.py,func,teacher_portal_required | role_required(User.Role.TEACHER),,,User.Role.TEACHER,1,1,0,0,0,,0,0,0
teacher/disciplinary/,teacher_disciplinary,apps/portal/urls.py,apps/portal/views_teacher.py,func,teacher_portal_required | role_required(User.Role.TEACHER),,,User.Role.TEACHER,1,1,0,0,0,,0,0,0
teacher/training-log/,teacher_training_log,apps/portal/urls.py,apps/portal/views_teacher.py,func,teacher_portal_required | role_required(User.Role.TEACHER),,,User.Role.TEACHER,1,1,0,0,0,,0,0,0
parent/attendance-discipline/,parent_attendance_discipline,apps/portal/urls.py,apps/portal/views_parent.py,func,parent_portal_required | role_required(User.Role.PARENT),,,User.Role.PARENT,1,1,0,0,0,,0,0,0
student/onboarding/,student_onboarding_wizard,apps/portal/urls.py,apps/portal/views_onboarding.py,func,,,,,1,0,0,1,0,,0,0,0
student/workflow/,student_workflow_center,apps/portal/urls.py,apps/portal/views_student.py,func,login_required | role_required(User.Role.STUDENT),,,User.Role.STUDENT,1,1,0,0,0,,0,0,0
student/homework/,student_assignments,apps/portal/urls.py,apps/portal/views_lms.py,func,login_required | require_http_methods(['GET']),,,,1,0,0,0,0,,0,0,0
student/homework/<int:assignment_id>/,student_assignment_submit,apps/portal/urls.py,apps/portal/views_lms.py,func,"login_required | require_http_methods(['GET', 'POST'])",,,,1,0,0,0,0,,0,0,0
teacher/homework/,teacher_assignments,apps/portal/urls.py,apps/portal/views_lms.py,func,role_required(User.Role.TEACHER) | require_http_methods(['GET']),,,User.Role.TEACHER,1,1,0,0,0,,0,0,0
teacher/homework/new/,teacher_assignment_create,apps/portal/urls.py,apps/portal/views_lms.py,func,"role_required(User.Role.TEACHER) | require_http_methods(['GET', 'POST'])",,,User.Role.TEACHER,1,1,0,0,0,,0,0,0
teacher/homework/gradebook/,teacher_gradebook,apps/portal/urls.py,apps/portal/views_lms.py,func,role_required(User.Role.TEACHER) | require_http_methods(['GET']),,,User.Role.TEACHER,1,1,0,0,0,,0,0,0
teacher/homework/<int:assignment_id>/grade/,teacher_assignment_grade,apps/portal/urls.py,apps/portal/views_lms.py,func,"role_required(User.Role.TEACHER) | require_http_methods(['GET', 'POST'])",,,User.Role.TEACHER,1,1,0,0,0,,0,0,0
student-portal/grades/,student_portal_grades,apps/portal/urls.py,apps/portal/views_student.py,func,login_required,,,,1,0,0,0,0,,0,0,0
admissions/application-status/,admissions_application_status,apps/portal/urls.py,apps/portal/views_student.py,func,,,,,1,0,0,1,0,,0,0,0
attendance/student/,take_student_attendance,apps/portal/urls.py,apps/portal/views_teacher.py,func,login_required,,,,1,0,0,0,0,,0,0,0
attendance/student/export/,student_attendance_export,apps/portal/urls.py,apps/portal/views_attendance_export.py,func,login_required | enforce_tenant_security,,,,1,0,0,0,0,,0,0,0
attendance/student/export/csv/,student_attendance_export_csv,apps/portal/urls.py,apps/portal/views_attendance_export.py,func,login_required | enforce_tenant_security,,,,1,0,0,0,0,,0,0,0
attendance/teacher/,record_teacher_attendance,apps/portal/urls.py,apps/portal/views_teacher.py,func,login_required,,,,1,0,0,0,0,,0,0,0
attendance/seating-chart/,seating_chart_view,apps/portal/urls.py,apps/portal/views_teacher.py,func,login_required,,,,1,0,0,0,0,,0,0,0
staff/contact-requests/,staff_contact_request_list,apps/portal/urls.py,apps/portal/views_contact_requests.py,func,tenant_admin_required,,,,1,0,0,0,0,,0,0,0
staff/discipline/incidents/,discipline_incidents_list,apps/portal/urls.py,apps/portal/views_teacher.py,func,"login_required | require_http_methods(['GET', 'POST'])",,,,1,0,0,0,0,,0,0,0
staff/discipline/caseload/,counselor_caseload,apps/portal/urls.py,apps/portal/views_teacher.py,func,login_required | require_school | require_permission('discipline.manage') | require_http_methods(['GET']),,,,1,0,1,0,0,,0,0,0
teacher/cahier/,cahier_list,apps/portal/urls.py,apps/portal/views_teacher.py,func,login_required | teacher_portal_required | role_required(User.Role.TEACHER),,,User.Role.TEACHER,1,1,0,0,0,,0,0,0
staff/cahier/verify/,cahier_verify_list,apps/portal/urls.py,apps/portal/views_teacher.py,func,login_required,,,,1,0,0,0,0,,0,0,0
staff/cahier/visa/<int:entry_id>/,cahier_visa,apps/portal/urls.py,apps/portal/views_teacher.py,func,require_POST | login_required,,,,1,0,0,0,0,,0,0,0
staff/cahier/revisions/<int:entry_id>/,cahier_request_revisions,apps/portal/urls.py,apps/portal/views_teacher.py,func,require_POST | login_required,,,,1,0,0,0,0,,0,0,0
staff/contact-requests/<uuid:request_id>/,staff_contact_request_detail,apps/portal/urls.py,apps/portal/views_contact_requests.py,func,tenant_admin_required,,,,1,0,0,0,0,,0,0,0
photo-upload/generate/,photo_upload_generate,apps/portal/urls.py,apps/portal/views_photo_upload.py,func,ratelimit | require_GET,,,,1,0,0,0,0,inline-auth (login redirect inside view),0,0,0
photo-upload/generate-for-profile/,photo_upload_generate_for_profile,apps/portal/urls.py,apps/portal/views_photo_upload.py,func,login_required | require_POST,,,,1,0,0,0,0,,0,0,0
photo-upload/<uuid:token>/qr/,photo_upload_qr,apps/portal/urls.py,apps/portal/views_photo_upload.py,func,require_GET,,,,1,0,0,0,0,UUID token in URL is the auth (single-use phone upload link),0,0,0
photo-upload/send-link/student/<int:student_id>/,photo_upload_send_link_page,apps/portal/urls.py,apps/portal/views_photo_upload.py,func,login_required | require_GET,,,,1,0,0,0,0,,0,0,0
photo-upload/send-link/teacher/<int:teacher_id>/,photo_upload_send_link_page,apps/portal/urls.py,apps/portal/views_photo_upload.py,func,login_required | require_GET,,,,1,0,0,0,0,,0,0,0
backend/documents/,document_library_manage,apps/portal/urls.py,apps/portal/views_documents.py,func,permission_required('settings.manage') | login_required,,,,1,0,1,0,0,,0,0,0
backend/documents/upload/,document_upload,apps/portal/urls.py,apps/portal/views_documents.py,func,"permission_required('settings.manage') | login_required | require_http_methods(['GET', 'POST'])",,,,1,0,1,0,0,,0,0,0
backend/documents/upload/<int:document_id>/,document_upload,apps/portal/urls.py,apps/portal/views_documents.py,func,"permission_required('settings.manage') | login_required | require_http_methods(['GET', 'POST'])",,,,1,0,1,0,0,,0,0,0
backend/documents/delete/<int:document_id>/,document_delete,apps/portal/urls.py,apps/portal/views_documents.py,func,permission_required('settings.manage') | login_required | require_POST,,,,1,0,1,0,0,,0,0,0
backend/documents/download/<int:document_id>/,document_download,apps/portal/urls.py,apps/portal/views_documents.py,func,login_required,,,,1,0,0,0,0,,0,0,0
backend/documents/download/<int:document_id>/pdf/,document_download_pdf,apps/portal/urls.py,apps/portal/views_documents.py,func,login_required,,,,1,0,0,0,0,,0,0,0
backend/signatures/,signature_requests_manage,apps/portal/urls.py,apps/portal/views_documents.py,func,permission_required('settings.manage') | login_required,,,,1,0,1,0,0,,0,0,0
backend/signatures/create/,signature_request_create,apps/portal/urls.py,apps/portal/views_documents.py,func,"permission_required('settings.manage') | login_required | require_http_methods(['GET', 'POST'])",,,,1,0,1,0,0,,0,0,0
parent/signatures/,signature_pending_list,apps/portal/urls.py,apps/portal/views_documents.py,func,login_required,,,,1,0,0,0,0,,0,0,0
parent/signatures/sign/<int:signature_id>/,signature_sign,apps/portal/urls.py,apps/portal/views_documents.py,func,"login_required | require_http_methods(['GET', 'POST'])",,,,1,0,0,0,0,,0,0,0
student/<int:student_id>/360/,student_360_page,apps/portal/urls.py,apps/student360/views.py,func,login_required | audit_pii_view,,,,1,0,0,0,0,,0,0,0
student/<int:student_profile_id>/passport/,student_passport_detail,apps/portal/urls.py,apps/portal/views_passport.py,func,login_required | require_http_methods(['GET']),,,,1,0,0,0,0,,0,0,0
student/<int:student_profile_id>/transcript-vault/,student_transcript_vault,apps/portal/urls.py,apps/portal/views_passport.py,func,login_required | require_http_methods(['GET']),,,,1,0,0,0,0,,0,0,0
student/<int:student_id>/360/export/,student_360_export,apps/portal/urls.py,apps/student360/views.py,func,login_required | audit_pii_view,,,,1,0,0,0,0,,0,0,0
student/<int:student_id>/360/transcript-archive/,transcript_archive,apps/portal/urls.py,apps/student360/views.py,func,login_required | audit_pii_view,,,,1,0,0,0,0,,0,0,0
student/<int:student_id>/360/transcript-archive/<int:year_id>/,transcript_archive_year,apps/portal/urls.py,apps/student360/views.py,func,login_required,,,,1,0,0,0,0,,0,0,0
student/<int:student_id>/360/transcript-freeze/,transcript_freeze,apps/portal/urls.py,apps/student360/views.py,func,login_required,,,,1,0,0,0,0,,0,0,0
students/search/,_ai_surfaces.semantic_student_search,apps/portal/urls.py,apps/portal/views_ai_surfaces.py,func,login_required | require_http_methods(['GET']),,,,1,0,0,0,0,,0,0,0
student/<int:student_id>/risk-drivers/,_ai_surfaces.student_risk_drivers,apps/portal/urls.py,apps/portal/views_ai_surfaces.py,func,login_required | require_http_methods(['GET']),,,,1,0,0,0,0,,0,0,0
student/<int:student_id>/risk-drivers/regenerate/,_ai_surfaces.student_risk_explanation_regenerate,apps/portal/urls.py,apps/portal/views_ai_surfaces.py,func,login_required | require_POST,,,,1,0,0,0,0,,0,0,0
student/<int:student_id>/grade-outlook/,_ai_surfaces.student_grade_outlook,apps/portal/urls.py,apps/portal/views_ai_surfaces.py,func,login_required | require_http_methods(['GET']),,,,1,0,0,0,0,,0,0,0
employer/,employer_dashboard,apps/portal/urls.py,apps/people/employer_views.py,func,login_required | require_http_methods(['GET']),,,,1,0,0,0,0,,0,0,0
employer/<int:placement_id>/confirm/,employer_confirm_hours,apps/portal/urls.py,apps/people/employer_views.py,func,"login_required | require_http_methods(['GET', 'POST'])",,,,1,0,0,0,0,,0,0,0
employer/<int:placement_id>/transcript/,employer_student_transcript,apps/portal/urls.py,apps/people/employer_views.py,func,login_required | require_http_methods(['GET']),,,,1,0,0,0,0,,0,0,0
faq/,views_kb.faq_list,apps/portal/urls_kb.py,apps/portal/views_kb.py,func,,,,,1,0,0,0,0,public knowledge-base FAQ list,0,0,0
faq/<int:faq_id>/,views_kb.faq_detail,apps/portal/urls_kb.py,apps/portal/views_kb.py,func,,,,,1,0,0,0,0,public knowledge-base FAQ detail,0,0,0
faq/<int:faq_id>/vote/,views_kb.faq_vote,apps/portal/urls_kb.py,apps/portal/views_kb.py,func,require_POST | login_required,,,,1,0,0,0,0,,0,0,0
faq/submit/,views_kb.faq_submit,apps/portal/urls_kb.py,apps/portal/views_kb.py,func,login_required,,,,1,0,0,0,0,,0,0,0
,views_kb.kb_home,apps/portal/urls_kb.py,apps/portal/views_kb.py,func,,,,,1,0,0,0,0,public KB home — published articles only,0,0,0
category/<slug:category_slug>/,views_kb.kb_category,apps/portal/urls_kb.py,apps/portal/views_kb.py,func,,,,,1,0,0,0,0,public KB category index,0,0,0
article/<slug:article_slug>/,views_kb.kb_article,apps/portal/urls_kb.py,apps/portal/views_kb.py,func,,,,,1,0,0,0,0,public KB article — published+is_public filter at QS level,0,0,0
article/<slug:article_slug>/reimport-odt/,views_kb_docs.kb_article_reimport_odt,apps/portal/urls_kb.py,apps/portal/views_kb_docs.py,func,login_required | require_http_methods(['POST']),,,,1,0,0,0,0,,0,0,0
article/<slug:article_slug>/vote/,views_kb.kb_article_vote,apps/portal/urls_kb.py,apps/portal/views_kb.py,func,require_POST | login_required,,,,1,0,0,0,0,,0,0,0
article/<slug:article_slug>/comment/,views_kb.kb_comment_add,apps/portal/urls_kb.py,apps/portal/views_kb.py,func,require_POST | login_required,,,,1,0,0,0,0,,0,0,0
article/submit/,views_kb.kb_article_submit,apps/portal/urls_kb.py,apps/portal/views_kb.py,func,login_required,,,,1,0,0,0,0,,0,0,0
docs-hub/,views_kb_docs.kb_docs_hub,apps/portal/urls_kb.py,apps/portal/views_kb_docs.py,func,login_required | require_GET,,,,1,0,0,0,0,,0,0,0
docs-hub/link/,views_kb_docs.kb_link_office_document,apps/portal/urls_kb.py,apps/portal/views_kb_docs.py,func,login_required | require_http_methods(['POST']),,,,1,0,0,0,0,,0,0,0
compose/upload/,views_kb_docs.kb_office_upload,apps/portal/urls_kb.py,apps/portal/views_kb_docs.py,func,"login_required | require_http_methods(['GET', 'POST'])",,,,1,0,0,0,0,,0,0,0
office/,views_office.office_document_list,apps/portal/urls_kb.py,apps/portal/views_office.py,func,login_required | require_GET,,,,1,0,0,0,0,,0,0,0
office/<int:document_id>/open/,views_office.office_document_open,apps/portal/urls_kb.py,apps/portal/views_office.py,func,login_required | require_GET,,,,1,0,0,0,0,,0,0,0
office/<int:document_id>/download/,views_kb_docs.office_document_download,apps/portal/urls_kb.py,apps/portal/views_kb_docs.py,func,login_required | require_GET,,,,1,0,0,0,0,,0,0,0
office/<int:document_id>/preview.pdf,views_kb_docs.office_document_preview_pdf,apps/portal/urls_kb.py,apps/portal/views_kb_docs.py,func,login_required | require_GET,,,,1,0,0,0,0,,0,0,0
search/,views_kb.kb_search,apps/portal/urls_kb.py,apps/portal/views_kb.py,func,,,,,1,0,0,0,0,public KB search — only surfaces published articles,0,0,0
my-contributions/,views_kb.user_contributions,apps/portal/urls_kb.py,apps/portal/views_kb.py,func,login_required,,,,1,0,0,0,0,,0,0,0
parent/report/<int:student_id>/,parent_download_term_report,apps/reports/urls.py,apps/reports/views.py,func,parent_portal_required | role_required(User.Role.PARENT) | audit_pii_view,,,User.Role.PARENT,1,1,0,0,0,,0,0,0
parent/report/<int:student_id>/csv/,parent_download_term_report_csv,apps/reports/urls.py,apps/reports/views.py,func,parent_portal_required | role_required(User.Role.PARENT) | audit_pii_view,,,User.Role.PARENT,1,1,0,0,0,,0,0,0
parent/report/<int:student_id>/annual/,parent_download_annual_report,apps/reports/urls.py,apps/reports/views.py,func,parent_portal_required | role_required(User.Role.PARENT) | audit_pii_view,,,User.Role.PARENT,1,1,0,0,0,,0,0,0
parent/report/<int:student_id>/annual/csv/,parent_download_annual_report_csv,apps/reports/urls.py,apps/reports/views.py,func,parent_portal_required | role_required(User.Role.PARENT) | audit_pii_view,,,User.Role.PARENT,1,1,0,0,0,,0,0,0
parent/report/<int:student_id>/share/<str:report_type>/,parent_share_report,apps/reports/urls.py,apps/reports/views.py,func,parent_portal_required | role_required(User.Role.PARENT),,,User.Role.PARENT,1,1,0,0,0,,0,0,0
share/<str:token>/,report_share,apps/reports/urls.py,apps/reports/views.py,func,,,,,1,0,0,0,0,token in URL is the auth (single-use report share link),0,0,0
verify-hash/,verify_report_hash,apps/reports/urls.py,apps/reports/views.py,func,require_http_methods(['GET']),,,,1,0,0,0,0,public report-hash verifier (read-only authenticity check),0,0,0
publish/,publish_term_results,apps/reports/urls.py,apps/reports/views.py,func,require_permission('reports.manage'),,,,1,0,1,0,0,,0,0,0
statistical-return/,statistical_return,apps/reports/urls.py,apps/reports/views.py,func,require_permission('reports.manage'),,,,1,0,1,0,0,,0,0,0
promotion-preview/,promotion_preview,apps/reports/urls.py,apps/reports/views.py,func,require_permission('reports.manage'),,,,1,0,1,0,0,,0,0,0
regulatory-export/,regulatory_export,apps/reports/urls.py,apps/reports/views.py,func,login_required,,,,1,0,0,0,0,,0,0,0
,requests_dashboard,apps/requests/urls.py,apps/requests/views.py,func,login_required | user_passes_test(_can_manage_requests),,,,1,0,0,0,0,,0,0,0
module-access/,request_module_access,apps/requests/urls.py,apps/requests/views.py,func,login_required,,,,1,0,0,0,0,,0,0,0
<uuid:request_id>/,request_detail,apps/requests/urls.py,apps/requests/views.py,func,login_required | user_passes_test(_can_manage_requests),,,,1,0,0,0,0,,0,0,0
,views.pipeline_board,apps/sales/urls.py,apps/sales/views.py,func,require_control_plane_access,,,,1,1,0,0,0,,0,0,0
first-100/,views.first_100_schools_dashboard,apps/sales/urls.py,apps/sales/views.py,func,require_control_plane_access,,,,1,1,0,0,0,,0,0,0
leads/new/,views.lead_create,apps/sales/urls.py,apps/sales/views.py,func,"require_control_plane_access | require_http_methods(['GET', 'POST'])",,,,1,1,0,1,0,,0,0,0
leads/<int:pk>/,views.lead_detail,apps/sales/urls.py,apps/sales/views.py,func,"require_control_plane_access | require_http_methods(['GET', 'POST'])",,,,1,1,0,1,0,,0,0,0
leads/<int:pk>/stage/,views.update_stage,apps/sales/urls.py,apps/sales/views.py,func,require_control_plane_access | require_POST,,,,1,1,0,1,0,,0,0,0
,views.event_hub,apps/school_events/urls.py,apps/school_events/views.py,func,login_required,,,,1,0,0,0,0,,0,0,0
<slug:slug>/,views.event_detail,apps/school_events/urls.py,apps/school_events/views.py,func,login_required,,,,1,0,0,0,0,,0,0,0
<slug:slug>/register/,views.register_for_event,apps/school_events/urls.py,apps/school_events/views.py,func,login_required | require_POST,,,,1,0,0,0,0,,0,0,0
super/wizards/,OperatorWizardIndexView.as_view,apps/setup_studio/urls.py,apps/setup_studio/wizard_views.py,class,staff_member_required,,LoginRequiredMixin | View,,1,0,0,0,1,,0,0,0
school/studio/wizards/,TenantWizardIndexView.as_view,apps/setup_studio/urls.py,apps/setup_studio/wizard_views.py,class,,,LoginRequiredMixin | View,,1,0,0,0,1,,0,0,0
api/wizards/ai/recommend/,WizardAIRecommendView.as_view,apps/setup_studio/urls.py,apps/setup_studio/wizard_views.py,class,,,LoginRequiredMixin | View,,1,0,0,0,1,,0,0,0
super/wizards/activation-dashboard/,WizardActivationDashboardView.as_view,apps/setup_studio/urls.py,apps/setup_studio/views_activation_dashboard.py,class,staff_member_required,,LoginRequiredMixin | View,,1,0,0,0,1,,0,0,0
api/wizards/search/,WizardSearchAPIView.as_view,apps/setup_studio/urls.py,apps/setup_studio/views_activation_dashboard.py,class,,,LoginRequiredMixin | View,,1,0,0,0,1,,0,0,0
api/wizards/cockpit-preset/,BulkPromoteCockpitPresetAPIView.as_view,apps/setup_studio/urls.py,apps/setup_studio/views_activation_dashboard.py,class,require_control_plane_access,,LoginRequiredMixin | View,,1,1,0,0,1,,0,0,0
api/setup-studio/blockers/,api_blockers,apps/setup_studio/urls.py,apps/setup_studio/views_zero_friction.py,func,login_required | require_GET,,,,1,0,0,0,0,,0,0,0
api/setup-studio/payload/,api_zero_friction_payload,apps/setup_studio/urls.py,apps/setup_studio/views_zero_friction.py,func,login_required | require_GET,,,,1,0,0,0,0,,0,0,0
api/setup-studio/recommended/,api_recommended_setup,apps/setup_studio/urls.py,apps/setup_studio/views_zero_friction.py,func,login_required | require_POST,,,,1,0,0,0,0,,0,0,0
customizer/,legacy_customizer_redirect,apps/siteconfig/urls.py,,,,,,,0,0,0,0,0,,0,1,0
customizer/clear-preview/,legacy_customizer_clear_preview_redirect,apps/siteconfig/urls.py,,,,,,,0,0,0,0,0,,0,1,0
maintenance/,maintenance_view,apps/siteconfig/urls.py,apps/siteconfig/views.py,func,tenant_admin_required,,,,1,0,0,0,0,,0,0,0
onboarding/step/complete/,onboarding_step_mark_complete,apps/siteconfig/urls.py,apps/siteconfig/views_school_onboarding.py,func,login_required | require_POST,,,,1,0,0,0,0,,0,0,0
onboarding/step/<str:step_key>/,onboarding_step_detail,apps/siteconfig/urls.py,apps/siteconfig/views_school_onboarding.py,func,login_required,,,,1,0,0,0,0,,0,0,0
onboarding/,school_activation_onboarding,apps/siteconfig/urls.py,apps/siteconfig/views_school_onboarding.py,func,login_required,,,,1,0,0,0,0,,0,0,0
console/,console_domains_hub,apps/siteconfig/urls.py,apps/siteconfig/views_console_domains.py,func,user_passes_test(lambda u: u.is_active and (u.is_staff or u.is_superuser)),,,,1,0,0,0,0,,0,0,0
metadata/operator-hub/,metadata_operator_hub,apps/siteconfig/urls.py,apps/siteconfig/views_metadata_operator_hub.py,func,require_super_access_with_host,,,,1,1,0,0,0,,0,0,0
metadata/entity-catalog/,entity_catalog_overview,apps/siteconfig/urls.py,apps/siteconfig/views_entity_catalog.py,func,require_super_access_with_host,,,,1,1,0,0,0,,0,0,0
metadata/dynamic-fields/,metadata_dynamic_fields_operator,apps/siteconfig/urls.py,apps/siteconfig/views_metadata_dynamic_fields.py,func,require_super_access_with_host,,,,1,1,0,0,0,,0,0,0
metadata/config-mutation-audit/,config_mutation_audit_evidence,apps/siteconfig/urls.py,apps/siteconfig/views_config_mutation_evidence.py,func,require_super_access_with_host,,,,1,1,0,0,0,,0,0,0
configuration/runtime/,tenant_runtime_configuration_hub,apps/siteconfig/urls.py,apps/siteconfig/views_tenant_runtime_hub.py,func,login_required | permission_required('settings.manage') | require_http_methods(['GET']),,,,1,0,1,0,0,,0,0,0
configuration/guided/,guided_configuration_workflows,apps/siteconfig/urls.py,apps/siteconfig/views_guided_configuration.py,func,login_required | permission_required('settings.manage') | require_http_methods(['GET']),,,,1,0,1,0,0,,0,0,0
schools/group-hierarchy/,school_group_hierarchy,apps/siteconfig/urls.py,apps/siteconfig/views_school_group_hierarchy.py,func,login_required | permission_required('settings.manage') | require_http_methods(['GET']),,,,1,0,1,0,0,,0,0,0
schools/group-console/,group_console,apps/siteconfig/urls.py,apps/schools/views_group_console.py,func,login_required | permission_required('settings.manage') | require_http_methods(['GET']),,,,1,0,1,0,0,,0,0,0
schools/group-console/upgrade/,group_console_upgrade,apps/siteconfig/urls.py,apps/schools/views_group_console.py,func,"login_required | permission_required('settings.manage') | require_http_methods(['GET', 'POST'])",,,,1,0,1,0,0,,0,0,0
billing/plan/,billing_plan_readonly,apps/siteconfig/urls.py,apps/siteconfig/views_billing_plan.py,func,login_required | permission_required('settings.manage') | require_http_methods(['GET']),,,,1,0,1,0,0,,0,0,0
billing/statement.pdf,billing_statement_pdf,apps/siteconfig/urls.py,apps/siteconfig/views_billing_plan.py,func,login_required | permission_required('settings.manage') | require_http_methods(['GET']),,,,1,0,1,0,0,,0,0,0
billing/invoice/<str:number>/pdf/,billing_invoice_pdf,apps/siteconfig/urls.py,apps/siteconfig/views_billing_plan.py,func,login_required | permission_required('settings.manage') | require_http_methods(['GET']),,,,1,0,1,0,0,,0,0,0
billing/checkout/start/,billing_checkout_start,apps/siteconfig/urls.py,apps/siteconfig/views_billing_stripe.py,func,login_required | permission_required('settings.manage') | require_GET,,,,1,0,1,0,0,,0,0,0
billing/portal/,billing_customer_portal,apps/siteconfig/urls.py,apps/siteconfig/views_billing_stripe.py,func,login_required | permission_required('settings.manage') | enforce_tenant_security | require_GET,,,,1,0,1,0,0,,0,0,0
billing-stripe/,billing_stripe_connect,apps/siteconfig/urls.py,apps/siteconfig/views_billing_stripe_connect.py,func,login_required | permission_required('settings.manage') | require_GET,,,,1,0,1,0,0,,0,0,0
billing-stripe/connect/,billing_stripe_connect_start,apps/siteconfig/urls.py,apps/siteconfig/views_billing_stripe_connect.py,func,login_required | permission_required('settings.manage') | require_GET,,,,1,0,1,0,0,,0,0,0
billing-stripe/return/,billing_stripe_connect_return,apps/siteconfig/urls.py,apps/siteconfig/views_billing_stripe_connect.py,func,login_required | permission_required('settings.manage') | require_GET,,,,1,0,1,0,0,,0,0,0
ai/governance/,ai_governance,apps/siteconfig/urls.py,apps/siteconfig/views_ai_governance.py,func,"login_required | permission_required('settings.manage') | require_http_methods(['GET', 'POST'])",,,,1,0,1,0,0,,0,0,0
ai-center/,ai_center,apps/siteconfig/urls.py,apps/siteconfig/views_ai_center.py,func,login_required | require_http_methods(['GET']),,,,1,0,0,0,0,,0,0,0
grading-settings/,grading_settings,apps/siteconfig/urls.py,apps/siteconfig/views.py,func,login_required,,,,1,0,0,0,0,,0,0,0
grading-scales/bands/,grading_scale_bands_operator_view,apps/siteconfig/urls.py,apps/siteconfig/views_grading_scale_bands.py,func,login_required,,,,1,0,0,0,0,,0,0,0
curriculum/templates/,curriculum_templates_operator_view,apps/siteconfig/urls.py,apps/siteconfig/views_curriculum_templates.py,func,login_required,,,,1,0,0,0,0,,0,0,0
compliance/exports/,compliance_exports_view,apps/siteconfig/urls.py,apps/siteconfig/views_compliance_exports.py,func,login_required | permission_required('settings.manage') | enforce_tenant_security,,,,1,0,1,0,0,,0,0,0
compliance/exports/<slug:export_key>/download/,compliance_export_download_view,apps/siteconfig/urls.py,apps/siteconfig/views_compliance_exports.py,func,login_required | permission_required('settings.manage') | enforce_tenant_security,,,,1,0,1,0,0,,0,0,0
grading-scales/region-scales/,region_grading_scales_view,apps/siteconfig/urls.py,apps/siteconfig/views.py,func,require_super_access_with_host,,,,1,1,0,0,0,,0,0,0
regions/validation/,region_validation_dashboard,apps/siteconfig/urls.py,apps/siteconfig/views.py,func,require_super_access_with_host,,,,1,1,0,0,0,,0,0,0
regions/comparison/,region_comparison_view,apps/siteconfig/urls.py,apps/siteconfig/views.py,func,require_super_access_with_host,,,,1,1,0,0,0,,0,0,0
modules/,module_market,apps/siteconfig/urls.py,apps/siteconfig/views.py,func,login_required,,,,1,0,0,0,0,,0,0,0
installed-packages/,tenant_installed_packages_rollback,apps/siteconfig/urls.py,apps/siteconfig/views_package_rollback.py,func,"login_required | require_http_methods(['GET', 'POST'])",,,,1,0,0,0,0,,0,0,0
preview/clear/,clear_preview,apps/siteconfig/urls.py,apps/siteconfig/views.py,func,permission_required('settings.manage'),,,,1,0,1,0,0,,0,0,0
theme-colors/,theme_colors_page,apps/siteconfig/urls.py,apps/siteconfig/views.py,func,permission_required('settings.manage'),,,,1,0,1,0,0,,0,0,0
theme-colors/import-from-url/,brand_import_from_url_view,apps/siteconfig/urls.py,apps/siteconfig/views.py,func,permission_required('settings.manage'),,,,1,0,1,0,0,,0,0,0
template-gallery/,template_gallery_page,apps/siteconfig/urls.py,apps/siteconfig/views.py,func,permission_required('settings.manage'),,,,1,0,1,0,0,,0,0,0
theme-experience/,theme_experience_redirect,apps/siteconfig/urls.py,apps/siteconfig/views.py,func,permission_required('settings.manage'),,,,1,0,1,0,0,,0,0,0
theme-experience/hub/,theme_experience_hub,apps/siteconfig/urls.py,apps/siteconfig/views_theme_experience_hub.py,func,login_required,,,,1,0,0,0,0,,0,0,0
theme-experience/builder/,theme_builder,apps/siteconfig/urls.py,apps/siteconfig/views_theme_builder.py,func,login_required | require_http_methods(['GET']),,,,1,0,0,0,0,,0,0,0
theme-experience/builder/api/layout/,ThemeBuilderLayoutAPIView.as_view,apps/siteconfig/urls.py,apps/siteconfig/views_theme_builder.py,class,,,View,,1,0,0,1,0,,0,0,0
theme-experience/builder/api/publish/,ThemeBuilderPublishAPIView.as_view,apps/siteconfig/urls.py,apps/siteconfig/views_theme_builder.py,class,,,View,,1,0,0,1,0,,0,0,0
theme-experience/builder/api/preview/,ThemeBuilderPreviewAPIView.as_view,apps/siteconfig/urls.py,apps/siteconfig/views_theme_builder.py,class,,,View,,1,0,0,1,0,,0,0,0
theme-experience/builder/api/publish-log/,ThemeBuilderPublishLogAPIView.as_view,apps/siteconfig/urls.py,apps/siteconfig/views_theme_builder.py,class,,,View,,1,0,0,1,0,,0,0,0
theme-experience/builder/api/rollback/,ThemeBuilderRollbackAPIView.as_view,apps/siteconfig/urls.py,apps/siteconfig/views_theme_builder.py,class,,,View,,1,0,0,1,0,,0,0,0
zero-ticket/,zero_ticket_hub,apps/siteconfig/urls.py,apps/siteconfig/views_zero_ticket_hub.py,func,login_required | permission_required('settings.manage') | require_GET,,,,1,0,1,0,0,,0,0,0
zero-ticket/permissions/,permission_matrix_simulator,apps/siteconfig/urls.py,apps/siteconfig/views_zero_ticket_hub.py,func,login_required | permission_required('settings.manage') | require_GET,,,,1,0,1,0,0,,0,0,0
zero-ticket/health/,tenant_health_dashboard,apps/siteconfig/urls.py,apps/customersuccess/views_dashboard.py,func,login_required | require_GET,,,,1,0,0,0,0,,0,0,0
zero-ticket/workflows/,campus_workflow_canvas_hub,apps/siteconfig/urls.py,apps/siteconfig/views_zero_ticket_hub.py,func,login_required | permission_required('settings.manage') | require_GET,,,,1,0,1,0,0,,0,0,0
zero-ticket/api/diagnostics/,api_tenant_diagnostics,apps/siteconfig/urls.py,apps/siteconfig/views_zero_ticket_hub.py,func,login_required | permission_required('settings.manage') | require_GET,,,,1,0,1,0,0,,0,0,0
zero-ticket/api/permissions/simulate/,api_permission_matrix_simulate,apps/siteconfig/urls.py,apps/siteconfig/views_zero_ticket_hub.py,func,login_required | permission_required('settings.manage') | require_http_methods(['POST']),,,,1,0,1,0,0,,0,0,0
zero-ticket/api/permissions/export/,api_permission_matrix_export,apps/siteconfig/urls.py,apps/siteconfig/views_zero_ticket_hub.py,func,"login_required | permission_required('settings.manage') | require_http_methods(['GET', 'POST'])",,,,1,0,1,0,0,,0,0,0
zero-ticket/api/brand-contrast/remediate/,api_brand_contrast_remediate,apps/siteconfig/urls.py,apps/siteconfig/views_zero_ticket_hub.py,func,login_required | permission_required('settings.manage') | require_http_methods(['POST']),,,,1,0,1,0,0,,0,0,0
preview-from-form/,preview_from_form,apps/siteconfig/urls.py,apps/siteconfig/views.py,func,tenant_admin_required,,,,1,0,0,0,0,,0,0,0
preferences/,user_preferences,apps/siteconfig/urls.py,apps/siteconfig/views.py,func,login_required,,,,1,0,0,0,0,,0,0,0
preferences/dashboard-preset/,quick_set_dashboard_visual_preset,apps/siteconfig/urls.py,apps/siteconfig/views.py,func,login_required | require_POST,,,,1,0,0,0,0,,0,0,0
preferences/set-default-view/,set_default_dashboard_view,apps/siteconfig/urls.py,apps/siteconfig/views.py,func,login_required,,,,1,0,0,0,0,,0,0,0
preferences/theme/,update_theme,apps/siteconfig/urls.py,apps/siteconfig/dashboard_views.py,func,login_required | require_http_methods(['POST']),,,,1,0,0,0,0,,0,0,0
sidebar/badges/,sidebar_badge_counts,apps/siteconfig/urls.py,apps/siteconfig/views_sidebar.py,func,login_required | require_GET,,,,1,0,0,0,0,,0,0,0
sidebar/settings/,sidebar_settings_view,apps/siteconfig/urls.py,apps/siteconfig/views_sidebar.py,func,"login_required | require_http_methods(['GET', 'POST'])",,,,1,0,0,0,0,,0,0,0
command-palette/settings/,command_palette_settings_view,apps/siteconfig/urls.py,apps/siteconfig/views_command_palette.py,func,"login_required | require_http_methods(['GET', 'POST'])",,,,1,0,0,0,0,,0,0,0
tables/settings/,table_settings_view,apps/siteconfig/urls.py,apps/siteconfig/views_tables.py,func,"login_required | require_http_methods(['GET', 'POST'])",,,,1,0,0,0,0,,0,0,0
dashboard/prefs/,dashboard_prefs_view,apps/siteconfig/urls.py,apps/siteconfig/views_dashboard_prefs.py,func,"login_required | require_http_methods(['GET', 'POST'])",,,,1,0,0,0,0,,0,0,0
dashboard/settings/,dashboard_settings_view,apps/siteconfig/urls.py,apps/siteconfig/views_dashboard_prefs.py,func,"login_required | require_http_methods(['GET', 'POST'])",,,,1,0,0,0,0,,0,0,0
forms/settings/,form_settings_view,apps/siteconfig/urls.py,apps/siteconfig/views_forms.py,func,"login_required | require_http_methods(['GET', 'POST'])",,,,1,0,0,0,0,,0,0,0
empty-states/settings/,empty_settings_view,apps/siteconfig/urls.py,apps/siteconfig/views_empty.py,func,"login_required | require_http_methods(['GET', 'POST'])",,,,1,0,0,0,0,,0,0,0
loading/settings/,loading_settings_view,apps/siteconfig/urls.py,apps/siteconfig/views_loading.py,func,"login_required | require_http_methods(['GET', 'POST'])",,,,1,0,0,0,0,,0,0,0
notifications/settings/,notification_settings_view,apps/siteconfig/urls.py,apps/siteconfig/views_notifications_engine.py,func,"login_required | require_http_methods(['GET', 'POST'])",,,,1,0,0,0,0,,0,0,0
modals/settings/,modal_settings_view,apps/siteconfig/urls.py,apps/siteconfig/views_modals_engine.py,func,"login_required | require_http_methods(['GET', 'POST'])",,,,1,0,0,0,0,,0,0,0
detail-views/settings/,detail_settings_view,apps/siteconfig/urls.py,apps/siteconfig/views_detail_engine.py,func,"login_required | require_http_methods(['GET', 'POST'])",,,,1,0,0,0,0,,0,0,0
reports/download/<slug:slug>/,download_report,apps/siteconfig/urls.py,apps/siteconfig/views.py,func,permission_required('settings.manage'),,,,1,0,1,0,0,,0,0,0
reports/bulk-letters/,bulk_letters,apps/siteconfig/urls.py,apps/siteconfig/views.py,func,permission_required('settings.manage'),,,,1,0,1,0,0,,0,0,0
reports/northstar-ai/draft/,northstar_ai_draft_api,apps/siteconfig/urls.py,apps/siteconfig/views_northstar_ai.py,func,csrf_protect | permission_required('settings.manage') | enforce_tenant_security | require_http_methods(['POST']),,,,1,0,1,0,0,,0,0,0
reports/scheduled/,scheduled_reports_delivery_hub,apps/siteconfig/urls.py,apps/siteconfig/views.py,func,permission_required('settings.manage'),,,,1,0,1,1,0,,0,0,0
reports/tenant-schedules-evidence/,tenant_report_schedules_evidence,apps/siteconfig/urls.py,apps/siteconfig/views_tenant_report_schedules_evidence.py,func,login_required | permission_required('settings.manage'),,,,1,0,1,1,0,,0,0,0
reports/report-templates-catalog/,report_templates_catalog_evidence,apps/siteconfig/urls.py,apps/siteconfig/views_report_templates_catalog_evidence.py,func,login_required | permission_required('settings.manage'),,,,1,0,1,1,0,,0,0,0
reports/output-history-evidence/,report_output_history_evidence,apps/siteconfig/urls.py,apps/siteconfig/views_report_output_history_evidence.py,func,login_required | permission_required('settings.manage'),,,,1,0,1,0,0,,0,0,0
reports/term-publish-status/,term_publish_status_evidence,apps/siteconfig/urls.py,apps/siteconfig/views_term_publish_evidence.py,func,login_required | permission_required('settings.manage'),,,,1,0,1,0,0,,0,0,0
reports/academic-years-setup/,academic_years_setup_evidence,apps/siteconfig/urls.py,apps/siteconfig/views_academic_years_evidence.py,func,login_required | permission_required('settings.manage'),,,,1,0,1,0,0,,0,0,0
reports/departments-setup/,departments_setup_evidence,apps/siteconfig/urls.py,apps/siteconfig/views_departments_setup_evidence.py,func,login_required | permission_required('settings.manage'),,,,1,0,1,0,0,,0,0,0
reports/builder/,reportcard_builder,apps/siteconfig/urls.py,apps/siteconfig/views.py,func,permission_required('settings.manage'),,,,1,0,1,0,0,,0,0,0
reports/preview/<slug:slug>/,reportcard_style_preview,apps/siteconfig/urls.py,apps/siteconfig/views.py,func,permission_required('settings.manage') | xframe_options_sameorigin,,,,1,0,1,0,0,,0,0,0
reports/embed-preview/<slug:slug>/<str:report_type>/,reportcard_style_embed_preview,apps/siteconfig/urls.py,apps/siteconfig/views.py,func,permission_required('settings.manage') | xframe_options_exempt,,,,1,0,1,0,0,,0,0,0
reports/live-preview/<slug:slug>/<str:report_type>/,reportcard_style_live_preview,apps/siteconfig/urls.py,apps/siteconfig/views.py,func,permission_required('settings.manage') | xframe_options_sameorigin,,,,1,0,1,0,0,,0,0,0
reports/preview/<slug:slug>/<str:report_type>/pdf/,reportcard_style_pdf,apps/siteconfig/urls.py,apps/siteconfig/views.py,func,permission_required('settings.manage') | xframe_options_sameorigin,,,,1,0,1,0,0,,0,0,0
preview/toggle/,toggle_preview_mode,apps/siteconfig/urls.py,apps/siteconfig/views.py,func,tenant_admin_required,,,,1,0,0,0,0,,0,0,0
act-as/,set_act_as_role,apps/siteconfig/urls.py,apps/siteconfig/views.py,func,tenant_admin_required,,,,1,0,0,0,0,,0,0,0
feature-control/,feature_control_panel,apps/siteconfig/urls.py,apps/siteconfig/views_feature_control.py,func,"require_permission(*_FEATURE_CONTROL_PANEL_CODES) | never_cache | require_http_methods(['GET', 'POST'])",,,,1,0,1,0,0,,0,0,0
feature-control/export/,feature_control_export,apps/siteconfig/urls.py,apps/siteconfig/views_feature_control.py,func,permission_required('settings.feature_control') | require_http_methods(['GET']),,,,1,0,1,0,0,,0,0,0
feature-control/audit/,feature_control_audit_log,apps/siteconfig/urls.py,apps/siteconfig/views_feature_control.py,func,permission_required('settings.feature_control') | require_http_methods(['GET']),,,,1,0,1,0,0,,0,0,0
feature-control/ledger/,feature_control_ledger,apps/siteconfig/urls.py,apps/siteconfig/views_feature_control.py,func,permission_required('settings.feature_control') | never_cache | require_http_methods(['GET']),,,,1,0,1,0,0,,0,0,0
feature-control/api/,feature_control_api,apps/siteconfig/urls.py,apps/siteconfig/views_feature_control.py,func,permission_required('settings.feature_control') | require_http_methods(['GET']),,,,1,0,1,0,0,,0,0,0
feature-control/weather-cities/,feature_control_weather_cities,apps/siteconfig/urls.py,apps/siteconfig/views_feature_control.py,func,permission_required('settings.feature_control') | require_http_methods(['GET']),,,,1,0,1,0,0,,0,0,0
dashboard-hub/,dashboard_hub,apps/siteconfig/urls.py,apps/siteconfig/views_dashboard_config.py,func,never_cache | require_http_methods(['GET']) | login_required,,,,1,0,0,0,0,,0,0,0
dashboard-configuration/,dashboard_configuration_hub,apps/siteconfig/urls.py,apps/siteconfig/views_dashboard_config.py,func,"never_cache | require_http_methods(['GET', 'POST']) | login_required",,,,1,0,0,0,0,,0,0,0
workflow-gallery/,workflow_flow_gallery,apps/siteconfig/urls.py,apps/siteconfig/views_dashboard_config.py,func,"never_cache | require_http_methods(['GET', 'POST']) | login_required",,,,1,0,0,0,0,,0,0,0
get-blueprints/,get_blueprints,apps/siteconfig/urls.py,apps/siteconfig/views_dashboard_config.py,func,never_cache | require_http_methods(['GET']) | login_required,,,,1,0,0,0,0,,0,0,0
request-waiver/,request_waiver,apps/siteconfig/urls.py,apps/accounts/views.py,func,"login_required | permission_required('settings.manage') | user_passes_test(_is_admin_user) | require_http_methods(['GET', 'POST'])",,,,1,0,1,0,0,,0,0,0
request-custom-requirement/,request_custom_requirement,apps/siteconfig/urls.py,apps/siteconfig/views_custom_requirement.py,func,"login_required | permission_required('settings.manage') | require_http_methods(['GET', 'POST'])",,,,1,0,1,0,0,,0,0,0
sync-center/,sync_center,apps/siteconfig/urls.py,apps/siteconfig/views_sync_center.py,func,login_required | permission_required('settings.manage') | require_http_methods(['GET']),,,,1,0,1,0,0,,0,0,0
sync-center/resolve/<int:conflict_id>/,sync_center_resolve,apps/siteconfig/urls.py,apps/siteconfig/views_sync_center.py,func,login_required | permission_required('settings.manage') | require_http_methods(['POST']),,,,1,0,1,0,0,,0,0,0
school-theme/,school_theme_settings,apps/siteconfig/urls.py,apps/siteconfig/views_school_theme.py,func,"login_required | permission_required('settings.manage') | require_http_methods(['GET', 'POST'])",,,,1,0,1,0,0,,0,0,0
tag-manager/,tag_manager,apps/siteconfig/urls.py,apps/siteconfig/views_tag_manager.py,func,"login_required | permission_required('settings.manage') | _school_required | require_http_methods(['GET', 'POST'])",,,,1,0,1,0,0,,0,0,0
tag-manager/<int:tag_id>/,tag_manager_edit,apps/siteconfig/urls.py,apps/siteconfig/views_tag_manager.py,func,"login_required | permission_required('settings.manage') | _school_required | require_http_methods(['GET', 'POST'])",,,,1,0,1,0,0,,0,0,0
domains/,custom_domain_wizard,apps/siteconfig/urls.py,apps/schools/views_domains.py,func,require_GET | login_required,,,,1,0,0,0,0,,0,0,0
api/branding/,branding_api,apps/siteconfig/urls.py,apps/siteconfig/views.py,func,login_required,,,,1,0,0,0,0,,0,0,0
api/workflow-clues/,workflow_clues_api,apps/siteconfig/urls.py,apps/siteconfig/views.py,func,login_required,,,,1,0,0,0,0,,0,0,0
api/admission-number-preview/,admission_number_preview_api,apps/siteconfig/urls.py,apps/siteconfig/views.py,func,login_required,,,,1,0,0,0,0,,0,0,0
api/workflow/catalog/,workflow_catalog_api,apps/siteconfig/urls.py,apps/siteconfig/views_workflow_api.py,func,require_http_methods(['GET']) | login_required,,,,1,0,0,0,0,,0,0,0
api/workflow/list/,workflow_list_api,apps/siteconfig/urls.py,apps/siteconfig/views_workflow_api.py,func,require_http_methods(['GET']) | login_required,,,,1,0,0,0,0,,0,0,0
api/workflow/run/,workflow_run_api,apps/siteconfig/urls.py,apps/siteconfig/views_workflow_api.py,func,require_http_methods(['POST']) | login_required,,,,1,0,0,0,0,,0,0,0
api/workflow/preview/,workflow_preview_api,apps/siteconfig/urls.py,apps/siteconfig/views_workflow_api.py,func,require_http_methods(['GET']) | login_required,,,,1,0,0,0,0,,0,0,0
automation/builder/,school_automation_builder,apps/siteconfig/urls.py,apps/siteconfig/views_school_automation.py,func,never_cache | login_required | require_http_methods(['GET']),,,,1,0,0,0,0,,0,0,0
api/school-automation/list/,school_automation_list_api,apps/siteconfig/urls.py,apps/siteconfig/views_school_automation.py,func,require_http_methods(['GET']) | login_required,,,,1,0,0,0,0,,0,0,0
api/school-automation/save/,school_automation_save_api,apps/siteconfig/urls.py,apps/siteconfig/views_school_automation.py,func,require_http_methods(['POST']) | login_required,,,,1,0,0,0,0,,0,0,0
api/school-automation/publish/,school_automation_publish_api,apps/siteconfig/urls.py,apps/siteconfig/views_school_automation.py,func,require_http_methods(['POST']) | login_required,,,,1,0,0,0,0,,0,0,0
api/school-automation/simulate/,school_automation_simulate_api,apps/siteconfig/urls.py,apps/siteconfig/views_school_automation.py,func,require_http_methods(['POST']) | login_required,,,,1,0,0,0,0,,0,0,0
api/school-automation/run/,school_automation_run_api,apps/siteconfig/urls.py,apps/siteconfig/views_school_automation.py,func,require_http_methods(['POST']) | login_required,,,,1,0,0,0,0,,0,0,0
api/school-automation/execution-logs/,school_automation_execution_logs_api,apps/siteconfig/urls.py,apps/siteconfig/views_school_automation.py,func,require_http_methods(['GET']) | login_required,,,,1,0,0,0,0,,0,0,0
api/school-automation/retry/,school_automation_retry_api,apps/siteconfig/urls.py,apps/siteconfig/views_school_automation.py,func,require_http_methods(['POST']) | login_required,,,,1,0,0,0,0,,0,0,0
api/dashboard-registry/,dashboard_registry_api,apps/siteconfig/urls.py,apps/siteconfig/views_workflow_api.py,func,require_http_methods(['GET']) | login_required,,,,1,0,0,0,0,,0,0,0
api/form-draft/<str:form_key>/,form_draft_api,apps/siteconfig/urls.py,apps/siteconfig/views_form_draft.py,func,"login_required | require_http_methods(['GET', 'POST', 'DELETE'])",,,,1,0,0,0,0,,0,0,0
app-sandbox/,marketplace_sandbox_embed,apps/siteconfig/urls.py,apps/marketplace/views.py,func,login_required | require_GET,,,,1,0,0,0,0,,0,0,0
support-copilot/,support_copilot_view,apps/siteconfig/urls.py,apps/customersuccess/views_tenant.py,func,login_required,,,,1,0,0,0,0,,0,0,0
guided-onboarding/,guided_onboarding_view,apps/siteconfig/urls.py,apps/customersuccess/views_tenant.py,func,login_required,,,,1,0,0,0,0,,0,0,0
guided-onboarding/csv/dry-run/,guided_onboarding_csv_dry_run,apps/siteconfig/urls.py,apps/customersuccess/views_tenant.py,func,login_required | require_POST,,,,1,0,0,0,0,,0,0,0
guided-onboarding/csv/apply/,guided_onboarding_csv_apply,apps/siteconfig/urls.py,apps/customersuccess/views_tenant.py,func,login_required | require_POST,,,,1,0,0,0,0,,0,0,0
api/onboarding-coach/,api_onboarding_coach,apps/siteconfig/urls.py,apps/siteconfig/views_onboarding_coach.py,func,login_required | require_GET,,,,1,0,0,0,0,,0,0,0
guided-onboarding/execute-launch/,execute_launch_view,apps/siteconfig/urls.py,apps/customersuccess/views_tenant.py,func,login_required | require_POST,,,,1,0,0,0,0,,0,0,0
guided-onboarding/billing-estimate/,tenant_billing_estimate_view,apps/siteconfig/urls.py,apps/customersuccess/views_tenant.py,func,login_required,,,,1,0,0,0,0,,0,0,0
api/tour-steps/,tour_steps_api,apps/siteconfig/urls.py,apps/siteconfig/views_tour.py,func,login_required | require_GET,,,,1,0,0,0,0,,0,0,0
api/tour-steps/public/,tour_steps_public_api,apps/siteconfig/urls.py,apps/siteconfig/views_tour.py,func,require_GET,,,,1,0,0,0,0,anonymous onboarding tour steps for marketing/login shells,0,0,0
api/tour-analytics/,tour_analytics_api,apps/siteconfig/urls.py,apps/siteconfig/views_tour_analytics.py,func,login_required | require_POST,,,,1,0,0,0,0,,0,0,0
api/tour-info/,tour_info_tag_api,apps/siteconfig/urls.py,apps/siteconfig/views_tour_info.py,func,login_required | require_GET,,,,1,0,0,0,0,,0,0,0
impersonation-consent/grant/,grant_impersonation_consent,apps/siteconfig/urls.py,apps/siteconfig/views_impersonation_consent.py,func,login_required | permission_required('settings.manage') | require_POST | csrf_protect,,,,1,0,1,0,0,,0,0,0
impersonation-consent/revoke/,revoke_impersonation_consent,apps/siteconfig/urls.py,apps/siteconfig/views_impersonation_consent.py,func,login_required | permission_required('settings.manage') | require_POST | csrf_protect,,,,1,0,1,0,0,,0,0,0
feedback-roadmap/,feedback_roadmap,apps/siteconfig/urls.py,apps/siteconfig/views.py,func,login_required | tenant_admin_required,,,,1,0,0,0,0,,0,0,0
console/ai/rag/ingest/,ai_rag_ingest_policy_docs,apps/siteconfig/urls.py,apps/siteconfig/views_console_ai_rag.py,func,require_POST | csrf_protect | require_control_plane_access,,,,1,1,0,0,0,,0,0,0
studio/day1/act1/,TenantStudioDay1Act1View.as_view,apps/siteconfig/urls.py,apps/siteconfig/views_tenant_studio_hub.py,class,,,LoginRequiredMixin | View,,1,0,0,0,1,,0,0,0
studio/day1/act2/,TenantStudioDay1Act2View.as_view,apps/siteconfig/urls.py,apps/siteconfig/views_tenant_studio_hub.py,class,,,LoginRequiredMixin | View,,1,0,0,0,1,,0,0,0
studio/day1/act3/lock/,TenantStudioDay1Act3LockView.as_view,apps/siteconfig/urls.py,apps/siteconfig/views_tenant_studio_hub.py,class,,,LoginRequiredMixin | View,,1,0,0,0,1,,0,0,0
studio/day1/reset/,TenantStudioDay1ResetView.as_view,apps/siteconfig/urls.py,apps/siteconfig/views_tenant_studio_hub.py,class,,,LoginRequiredMixin | View,,1,0,0,0,1,,0,0,0
super/configure/cockpit/,CockpitConfigureView.as_view,apps/siteconfig/urls.py,apps/siteconfig/views_cockpit_admin.py,class,,,LoginRequiredMixin | UserPassesTestMixin | FormView,,1,0,0,0,1,,0,0,0
super/configure/cockpit/login-canvas/gallery-upload/,LoginCanvasGalleryUploadView.as_view,apps/siteconfig/urls.py,apps/siteconfig/views_cockpit_admin.py,class,,,LoginRequiredMixin | UserPassesTestMixin | View,,1,0,0,0,1,staff-configure-login-canvas-gallery-upload,0,0,0
super/configure/cockpit/live-banner/suggest-program/,api_live_banner_suggest_program,apps/siteconfig/urls.py,apps/siteconfig/views_live_banner_studio.py,func,login_required | require_GET,,,,1,0,0,0,0,staff-configure-live-banner-studio-ai-assist,0,0,0
super/configure/cockpit/live-banner/draft-emergency/,api_live_banner_draft_emergency,apps/siteconfig/urls.py,apps/siteconfig/views_live_banner_studio.py,func,login_required | require_POST,,,,1,0,0,0,0,staff-configure-live-banner-studio-ai-assist,0,0,0
super/configure/cockpit/shell/,CockpitShellConfigureView.as_view,apps/siteconfig/urls.py,apps/siteconfig/views_cockpit_admin.py,class,,,LoginRequiredMixin | UserPassesTestMixin | FormView,,1,0,0,1,1,,0,0,0
super/configure/marketing-voice/,MarketingVoiceConfigureView.as_view,apps/siteconfig/urls.py,apps/siteconfig/views_cockpit_admin.py,class,,,LoginRequiredMixin | UserPassesTestMixin | FormView,,1,0,0,1,1,super-staff-marketing-voice-config,0,0,0
super/configure/theme-personality/,ThemePersonalityConfigView.as_view,apps/siteconfig/urls.py,apps/siteconfig/views_theme_personality.py,class,staff_member_required,,LoginRequiredMixin | UserPassesTestMixin | FormView,,1,0,0,1,1,super-staff-theme-personality-config,0,0,0
super/configure/dashboard-defaults/,DashboardDefaultsAdminView.as_view,apps/siteconfig/urls.py,apps/siteconfig/views_dashboard_defaults_admin.py,class,staff_member_required,,LoginRequiredMixin | View,,1,0,0,0,1,super-staff-dashboard-defaults-admin,0,0,0
super/configure/cockpit/previews/,CockpitPreviewIndexView.as_view,apps/siteconfig/urls.py,apps/siteconfig/views_cockpit_previews.py,class,,,LoginRequiredMixin | UserPassesTestMixin | TemplateView,,1,0,0,0,1,,0,0,0
super/configure/cockpit/previews/<slug:slug>/,CockpitPreviewServeView.as_view,apps/siteconfig/urls.py,apps/siteconfig/views_cockpit_previews.py,class,,,LoginRequiredMixin | UserPassesTestMixin | View,,1,0,0,0,1,,0,0,0
super/configure/cockpit/health/,CockpitHealthView.as_view,apps/siteconfig/urls.py,apps/siteconfig/views_cockpit_health.py,class,,,LoginRequiredMixin | UserPassesTestMixin | TemplateView,,1,0,0,0,1,,0,0,0
,studio_shell,apps/studio_os/urls.py,apps/studio_os/views.py,func,never_cache | require_http_methods(['GET']) | login_required,,,,1,0,0,0,0,,0,0,0
operator-school/,studio_set_operator_school,apps/studio_os/urls.py,apps/studio_os/views.py,func,never_cache | require_http_methods(['POST']) | login_required,,,,1,0,0,0,0,,0,0,0
hubs/approvals/,approval_workflow_hub,apps/studio_os/urls.py,apps/accounts/views_workflow.py,func,login_required | user_passes_test(_can_access_approval_hub),,,,1,0,0,0,0,,0,0,0
hubs/workflow/,workflow_center,apps/studio_os/urls.py,apps/accounts/views_workflow.py,func,permission_required('settings.manage'),,,,1,0,1,0,0,,0,0,0
hubs/import/,import_hub,apps/studio_os/urls.py,apps/accounts/views_workflow.py,func,login_required | user_passes_test(_is_admin_user),,,,1,0,0,0,0,,0,0,0
experience/,studio_shell,apps/studio_os/urls.py,apps/studio_os/views.py,func,never_cache | require_http_methods(['GET']) | login_required,,,,1,0,0,0,0,,0,0,0
experience/recommendations/,studio_experience_recommendations,apps/studio_os/urls.py,apps/studio_os/views.py,func,never_cache | require_http_methods(['GET']) | login_required,,,,1,0,0,0,0,,0,0,0
experience/compare/,studio_experience_compare,apps/studio_os/urls.py,apps/studio_os/views.py,func,never_cache | require_http_methods(['GET']) | login_required,,,,1,0,0,0,0,,0,0,0
experience/approve-region/,studio_experience_approve_region,apps/studio_os/urls.py,apps/studio_os/views.py,func,never_cache | require_http_methods(['POST']) | login_required,,,,1,0,0,0,0,,0,0,0
experience/theme-tokens/,studio_experience_theme_tokens,apps/studio_os/urls.py,apps/studio_os/views.py,func,never_cache | require_http_methods(['GET']) | login_required,,,,1,0,0,0,0,,0,0,0
experience/portal-shell-layouts/,studio_experience_portal_shell_layouts,apps/studio_os/urls.py,apps/studio_os/views.py,func,never_cache | require_http_methods(['GET']) | login_required,,,,1,0,0,0,0,,0,0,0
experience/dashboard-visual-packs/,studio_experience_dashboard_visual_packs,apps/studio_os/urls.py,apps/studio_os/views.py,func,never_cache | require_http_methods(['GET']) | login_required,,,,1,0,0,0,0,,0,0,0
experience/school-website-blocks/,studio_experience_school_website_blocks,apps/studio_os/urls.py,apps/studio_os/views.py,func,never_cache | require_http_methods(['GET']) | login_required,,,,1,0,0,0,0,,0,0,0
experience/communication-style-packs/,studio_experience_communication_style_packs,apps/studio_os/urls.py,apps/studio_os/views.py,func,never_cache | require_http_methods(['GET']) | login_required,,,,1,0,0,0,0,,0,0,0
experience/experience-packs/,studio_experience_packs,apps/studio_os/urls.py,apps/studio_os/views.py,func,never_cache | require_http_methods(['GET']) | login_required,,,,1,0,0,0,0,,0,0,0
automation/,studio_shell,apps/studio_os/urls.py,apps/studio_os/views.py,func,never_cache | require_http_methods(['GET']) | login_required,,,,1,0,0,0,0,,0,0,0
automation/conflict-detection/,studio_automation_conflict_detection,apps/studio_os/urls.py,apps/studio_os/views.py,func,never_cache | require_http_methods(['GET']) | login_required,,,,1,0,0,0,0,,0,0,0
automation/staged-activation/,studio_automation_staged_activation,apps/studio_os/urls.py,apps/studio_os/views.py,func,never_cache | require_http_methods(['GET']) | login_required,,,,1,0,0,0,0,,0,0,0
automation/replay-rollback/,studio_automation_replay_rollback,apps/studio_os/urls.py,apps/studio_os/views.py,func,never_cache | require_http_methods(['GET']) | login_required,,,,1,0,0,0,0,,0,0,0
automation/visual-builder/,studio_automation_visual_builder,apps/studio_os/urls.py,apps/studio_os/views.py,func,never_cache | require_http_methods(['GET']) | login_required,,,,1,0,0,0,0,,0,0,0
automation/natural-language-workflow/,studio_automation_natural_language_workflow,apps/studio_os/urls.py,apps/studio_os/views.py,func,never_cache | require_http_methods(['GET']) | login_required,,,,1,0,0,0,0,,0,0,0
automation/simulation-engine/,studio_automation_simulation_engine,apps/studio_os/urls.py,apps/studio_os/views.py,func,never_cache | require_http_methods(['GET']) | login_required,,,,1,0,0,0,0,,0,0,0
automation/dependency-graph/,studio_automation_dependency_graph,apps/studio_os/urls.py,apps/studio_os/views.py,func,never_cache | require_http_methods(['GET']) | login_required,,,,1,0,0,0,0,,0,0,0
automation/workflow-health/,studio_automation_workflow_health,apps/studio_os/urls.py,apps/studio_os/views.py,func,never_cache | require_http_methods(['GET']) | login_required,,,,1,0,0,0,0,,0,0,0
output/,studio_shell,apps/studio_os/urls.py,apps/studio_os/views.py,func,never_cache | require_http_methods(['GET']) | login_required,,,,1,0,0,0,0,,0,0,0
output/dependency-graph/,studio_output_dependency_graph,apps/studio_os/urls.py,apps/studio_os/views.py,func,never_cache | require_http_methods(['GET']) | login_required,,,,1,0,0,0,0,,0,0,0
output/branding-inheritance/,studio_output_branding_inheritance,apps/studio_os/urls.py,apps/studio_os/views.py,func,never_cache | require_http_methods(['GET']) | login_required,,,,1,0,0,0,0,,0,0,0
output/policy-registry/,studio_output_policy_registry,apps/studio_os/urls.py,apps/studio_os/views.py,func,never_cache | require_http_methods(['GET']) | login_required,,,,1,0,0,0,0,,0,0,0
launch/,studio_shell,apps/studio_os/urls.py,apps/studio_os/views.py,func,never_cache | require_http_methods(['GET']) | login_required,,,,1,0,0,0,0,,0,0,0
launch/select-plan/,studio_launch_select_plan,apps/studio_os/urls.py,apps/studio_os/views.py,func,never_cache | require_http_methods(['GET']) | login_required,,,,1,0,0,0,0,,0,0,0
control/,studio_shell,apps/studio_os/urls.py,apps/studio_os/views.py,func,never_cache | require_http_methods(['GET']) | login_required,,,,1,0,0,0,0,,0,0,0
control/system-config/,studio_system_config_console,apps/studio_os/urls.py,apps/studio_os/views.py,func,never_cache | require_http_methods(['GET']) | login_required,,,,1,0,0,0,0,,0,0,0
preview/,studio_preview,apps/studio_os/urls.py,apps/studio_os/views.py,func,never_cache | require_http_methods(['POST']) | login_required,,,,1,0,0,0,0,,0,0,0
publish/,studio_publish_api,apps/studio_os/urls.py,apps/studio_os/views.py,func,never_cache | require_http_methods(['POST']) | login_required,,,,1,0,0,0,0,,0,0,0
save-draft/,studio_save_draft_api,apps/studio_os/urls.py,apps/studio_os/views.py,func,never_cache | require_http_methods(['POST']) | login_required,,,,1,0,0,0,0,,0,0,0
version-history/,studio_version_history_api,apps/studio_os/urls.py,apps/studio_os/views.py,func,never_cache | require_http_methods(['GET']) | login_required,,,,1,0,0,0,0,,0,0,0
search/,studio_global_search,apps/studio_os/urls.py,apps/studio_os/views.py,func,never_cache | require_http_methods(['GET']) | login_required,,,,1,0,0,0,0,,0,0,0
recommendations/,studio_recommendations_api,apps/studio_os/urls.py,apps/studio_os/views.py,func,never_cache | require_http_methods(['GET']) | login_required,,,,1,0,0,0,0,,0,0,0
control/impact/,studio_control_impact,apps/studio_os/urls.py,apps/studio_os/views.py,func,never_cache | require_http_methods(['GET']) | login_required,,,,1,0,0,0,0,,0,0,0
control/ai-cleanup/,studio_ai_cleanup,apps/studio_os/urls.py,apps/studio_os/views.py,func,never_cache | require_http_methods(['GET']) | login_required,,,,1,0,0,0,0,,0,0,0
audit/,studio_audit_api,apps/studio_os/urls.py,apps/studio_os/views.py,func,,,,,1,0,0,0,0,graceful-degrade returns empty audit list for unauthenticated callers (intentional vs 403 to keep dashboards rendering),0,0,0
rollback/,studio_rollback,apps/studio_os/urls.py,apps/studio_os/views.py,func,"never_cache | require_http_methods(['GET', 'POST']) | login_required",,,,1,0,0,0,0,,0,0,0
api/school-infrastructure/preview/,school_infrastructure_preview_api,apps/studio_os/urls.py,apps/studio_os/views.py,func,never_cache | require_http_methods(['GET']) | login_required,,,,1,0,0,0,0,,0,0,0
api/school-infrastructure/validate/,school_infrastructure_validate_api,apps/studio_os/urls.py,apps/studio_os/views.py,func,"never_cache | require_http_methods(['GET', 'POST']) | login_required",,,,1,0,0,0,0,,0,0,0
api/school-infrastructure/apply/,school_infrastructure_apply_api,apps/studio_os/urls.py,apps/studio_os/views.py,func,never_cache | require_http_methods(['POST']) | login_required,,,,1,0,0,0,0,,0,0,0
copilot/rail/context/,CopilotRailContextView.as_view,apps/studio_os/urls.py,apps/studio_os/views_copilot_rail.py,class,never_cache,,LoginRequiredMixin | View,,1,0,0,0,1,,0,0,0
copilot/rail/insights/,CopilotRailInsightsRefreshView.as_view,apps/studio_os/urls.py,apps/studio_os/views_copilot_rail.py,class,never_cache,,LoginRequiredMixin | View,,1,0,0,0,1,,0,0,0
copilot/rail/send/,CopilotRailSendView.as_view,apps/studio_os/urls.py,apps/studio_os/views_copilot_rail.py,class,never_cache,,LoginRequiredMixin | View,,1,0,0,0,1,,0,0,0
copilot/rail/send-stream/,CopilotRailSendStreamView.as_view,apps/studio_os/urls.py,apps/studio_os/views_copilot_rail.py,class,never_cache,,LoginRequiredMixin | View,,1,0,0,0,1,,0,0,0
,manager_home,config/manager_urls.py,,,,,,,0,0,0,0,0,,0,1,0
,manager_home,config/manager_urls.py,,,,,,,0,0,0,0,0,,0,1,0
api/command-bar/actions/,CommandBarActionsView.as_view,config/manager_urls.py,,,,,,,1,0,0,0,0,command-bar-server-filters-actions-per-user-and-tenant,0,1,0
offline/,offline_page,config/manager_urls.py,,,,,,,0,0,0,0,0,,0,1,0
sw.js,service_worker_script,config/manager_urls.py,apps/siteconfig/views_service_worker.py,func,require_GET | never_cache,,,,0,0,0,0,0,,0,0,1
sw-reset/,service_worker_reset,config/manager_urls.py,apps/siteconfig/views_service_worker.py,func,require_GET | never_cache,,,,0,0,0,0,0,,0,0,1
sw-asset-manifest.json,service_worker_asset_manifest,config/manager_urls.py,apps/siteconfig/views_service_worker.py,func,require_GET | never_cache,,,,0,0,0,0,0,,0,0,1
offline/sync/,manager_offline_sync_center,config/manager_urls.py,,,,,,,0,0,0,0,0,,0,1,0
manifest.json,_platform_manifest,config/manager_urls.py,apps/siteconfig/views_manifest.py,func,,,,,0,0,0,0,0,,0,0,1
manifest-portal.json,_portal_manifest,config/manager_urls.py,apps/siteconfig/views_manifest.py,func,,,,,0,0,0,0,0,,0,0,1
manifest/icon-<int:size>.png,_manifest_icon_any,config/manager_urls.py,apps/siteconfig/views_manifest_icon.py,func,,,,,0,0,0,0,0,,0,0,1
manifest/icon-<int:size>-maskable.png,_manifest_icon_maskable,config/manager_urls.py,apps/siteconfig/views_manifest_icon.py,func,,,,,0,0,0,0,0,,0,0,1
api/ai/health/,_ai_health,config/manager_urls.py,apps/portal/views_ai_copilot.py,func,require_GET | login_required,,,,1,0,0,0,0,,0,0,0
api/ai-copilot/validate/,_ai_copilot_query,config/manager_urls.py,apps/portal/views_ai_copilot.py,func,require_http_methods(['POST']) | csrf_protect | login_required,,,,1,0,0,0,0,,0,0,0
-/version/,obs_views.public_version,config/manager_urls.py,apps/observability/views.py,func,require_GET,,,,1,0,0,0,0,public-version-string-no-sensitive-data,0,0,0
api/system/version/,obs_views.public_version,config/manager_urls.py,apps/observability/views.py,func,require_GET,,,,1,0,0,0,0,public-version-string-no-sensitive-data,0,0,0
version.json,obs_views.public_version,config/manager_urls.py,apps/observability/views.py,func,require_GET,,,,1,0,0,0,0,public-version-string-no-sensitive-data,0,0,0
help/,manager_help,config/manager_urls.py,,,,,,,0,0,0,0,0,,0,1,0
support/,manager_support_request,config/manager_urls.py,,,,,,,0,0,0,0,0,,0,1,0
feedback/,manager_feedback,config/manager_urls.py,,,,,,,0,0,0,0,0,,0,1,0
notifications/,manager_notifications,config/manager_urls.py,,,,,,,0,0,0,0,0,,0,1,0
public-to-product/,manager_public_to_product_matrix,config/manager_urls.py,,,,,,,0,0,0,0,0,,0,1,0
feature-gap-register/,manager_feature_gap_register,config/manager_urls.py,,,,,,,0,0,0,0,0,,0,1,0
internal-admin/,internal_admin_alias_redirect,config/manager_urls.py,apps/platform_runtime/views_administration.py,func,,,,,1,0,0,0,0,redirect-only-target-admin-enforces-auth,0,0,0
internal-admin/<path:remaining>,internal_admin_alias_redirect,config/manager_urls.py,apps/platform_runtime/views_administration.py,func,,,,,1,0,0,0,0,redirect-only-target-admin-enforces-auth,0,0,0
admin/,platform_admin_site.urls,config/manager_urls.py,,,,,,,0,0,0,0,0,,0,1,0
verify-signup/,redirect_signup_flow_to_public,config/manager_urls.py,,,,,,,0,0,0,0,0,,0,1,0
verify-signup/resend/,redirect_signup_flow_to_public,config/manager_urls.py,,,,,,,0,0,0,0,0,,0,1,0
ops/incidents/,obs_views.platform_incidents_console,config/manager_urls.py,apps/observability/views.py,func,require_GET | observability_auth_required,,,,1,0,0,0,0,,0,0,0
healthz/,obs_views.healthz,config/manager_urls.py,apps/observability/views.py,func,,,,,1,0,0,0,0,public-health-probe-for-load-balancer,0,0,0
health/,obs_views.public_health,config/manager_urls.py,,,,,,,0,0,0,0,0,,0,1,0
ws/wal/,wal_websocket_http_stub,config/manager_urls.py,apps/wal_stream/views_http.py,func,"require_http_methods(['GET', 'HEAD', 'POST'])",,,,1,0,0,1,0,,0,0,0
ready/,obs_views.public_health,config/manager_urls.py,,,,,,,0,0,0,0,0,,0,1,0
status/,obs_views.public_status,config/manager_urls.py,,,,,,,0,0,0,0,0,,0,1,0
status/,obs_views.public_status,config/manager_urls.py,,,,,,,0,0,0,0,0,,0,1,0
find/,find_school,config/manager_urls.py,apps/schools/section8_views.py,func,require_http_methods(['GET']),,,,1,0,0,0,0,public-tenant-discovery-pre-login,0,0,0
discover/,global_login_discovery,config/manager_urls.py,apps/schools/section8_views.py,func,"require_http_methods(['GET', 'POST'])",,,,1,0,0,0,0,public-tenant-discovery-pre-login,0,0,0
api/health/,obs_views.api_health,config/manager_urls.py,apps/observability/views.py,func,"require_http_methods(['GET', 'HEAD']) | observability_auth_required",,,,1,0,0,0,0,,0,0,0
api/control-plane-preferences/,ControlPlanePreferencesAPI.as_view,config/manager_urls.py,apps/api/user_preferences_api.py,class,extend_schema,IsAuthenticated,APIView,,1,0,0,0,0,,0,0,0
api/search/,manager_search_api,config/manager_urls.py,,,,,,,0,0,0,0,0,,0,1,0
api/billing/processors/<str:processor_code>/webhook/,billing_api_views.platform_billing_processor_webhook,config/manager_urls.py,apps/billing/api_views.py,func,csrf_exempt | require_POST,,,,1,0,0,0,0,payment-processor-webhook-hmac-signature-verified-in-view,0,0,0
api/observability/incidents/,obs_views.api_platform_incidents,config/manager_urls.py,apps/observability/views.py,func,require_GET | observability_auth_required,,,,1,0,0,0,0,,0,0,0
api/observability/incidents/<uuid:incident_id>/status/,obs_views.api_platform_incident_status,config/manager_urls.py,apps/observability/views.py,func,require_POST | observability_auth_required,,,,1,0,0,0,0,,0,0,0
api/observability/incidents/<uuid:incident_id>/timeline/,obs_views.api_platform_incident_timeline,config/manager_urls.py,apps/observability/views.py,func,require_GET | observability_auth_required,,,,1,0,0,0,0,,0,0,0
api/observability/incidents/<uuid:incident_id>/updates/,obs_views.api_platform_incident_update_add,config/manager_urls.py,apps/observability/views.py,func,require_POST | observability_auth_required,,,,1,0,0,0,0,,0,0,0
api/observability/slo-dashboard/,obs_views.api_operational_slo_dashboard,config/manager_urls.py,apps/observability/views.py,func,require_GET | observability_auth_required,,,,1,0,0,0,0,,0,0,0
api/weather/context/,obs_views.api_weather_context,config/manager_urls.py,apps/observability/views.py,func,require_GET,,,,1,0,0,0,0,public-safe-weather-widget-snapshot,0,0,0
portal/,manager_legacy_surface_redirect,config/manager_urls.py,,,,,,,0,0,0,0,0,,0,1,0
portal/<path:remaining>,manager_legacy_surface_redirect,config/manager_urls.py,,,,,,,0,0,0,0,0,,0,1,0
academics/,manager_legacy_surface_redirect,config/manager_urls.py,,,,,,,0,0,0,0,0,,0,1,0
academics/<path:remaining>,manager_legacy_surface_redirect,config/manager_urls.py,,,,,,,0,0,0,0,0,,0,1,0
evals/,manager_legacy_surface_redirect,config/manager_urls.py,,,,,,,0,0,0,0,0,,0,1,0
evals/<path:remaining>,manager_legacy_surface_redirect,config/manager_urls.py,,,,,,,0,0,0,0,0,,0,1,0
reports/,manager_legacy_surface_redirect,config/manager_urls.py,,,,,,,0,0,0,0,0,,0,1,0
reports/<path:remaining>,manager_legacy_surface_redirect,config/manager_urls.py,,,,,,,0,0,0,0,0,,0,1,0
finance/,manager_legacy_surface_redirect,config/manager_urls.py,,,,,,,0,0,0,0,0,,0,1,0
finance/<path:remaining>,manager_legacy_surface_redirect,config/manager_urls.py,,,,,,,0,0,0,0,0,,0,1,0
communication/,manager_legacy_surface_redirect,config/manager_urls.py,,,,,,,0,0,0,0,0,,0,1,0
communication/<path:remaining>,manager_legacy_surface_redirect,config/manager_urls.py,,,,,,,0,0,0,0,0,,0,1,0
legacy-kb/,manager_legacy_surface_redirect,config/manager_urls.py,,,,,,,0,0,0,0,0,,0,1,0
legacy-kb/<path:remaining>,manager_legacy_surface_redirect,config/manager_urls.py,,,,,,,0,0,0,0,0,,0,1,0
analytics/,manager_legacy_surface_redirect,config/manager_urls.py,,,,,,,0,0,0,0,0,,0,1,0
analytics/<path:remaining>,manager_legacy_surface_redirect,config/manager_urls.py,,,,,,,0,0,0,0,0,,0,1,0
compliance/,manager_legacy_surface_redirect,config/manager_urls.py,,,,,,,0,0,0,0,0,,0,1,0
compliance/<path:remaining>,manager_legacy_surface_redirect,config/manager_urls.py,,,,,,,0,0,0,0,0,,0,1,0
payroll/,manager_legacy_surface_redirect,config/manager_urls.py,,,,,,,0,0,0,0,0,,0,1,0
payroll/<path:remaining>,manager_legacy_surface_redirect,config/manager_urls.py,,,,,,,0,0,0,0,0,,0,1,0
api/tour-steps/public/,tour_steps_public_api,config/manager_urls.py,apps/siteconfig/views_tour.py,func,require_GET,,,,1,0,0,0,0,public-tour-steps-for-marketing-shell,0,0,0
demo/,redirect_marketing_demo_to_public,config/manager_urls.py,,,,,,,0,0,0,0,0,,0,1,0
resources/product-tour/,redirect_marketing_product_tour_to_public,config/manager_urls.py,,,,,,,0,0,0,0,0,,0,1,0
privacy/,marketing_page,config/manager_urls.py,apps/schools/marketing_views.py,func,require_GET,,,,0,0,0,0,0,,0,0,1
terms/,marketing_page,config/manager_urls.py,apps/schools/marketing_views.py,func,require_GET,,,,0,0,0,0,0,,0,0,1
cookie-policy/,marketing_page,config/manager_urls.py,apps/schools/marketing_views.py,func,require_GET,,,,0,0,0,0,0,,0,0,1
ws/students/$,consumers.StudentSyncConsumer,config/routing.py,apps/api/consumers.py,class,,,_TenantScopedSyncConsumer,,1,0,0,0,1,,0,0,0
ws/teachers/$,consumers.TeacherSyncConsumer,config/routing.py,apps/api/consumers.py,class,,,_TenantScopedSyncConsumer,,1,0,0,0,1,,0,0,0
ws/classrooms/$,consumers.ClassroomSyncConsumer,config/routing.py,apps/api/consumers.py,class,,,_TenantScopedSyncConsumer,,1,0,0,0,1,,0,0,0
ws/notifications/$,consumers.NotificationSyncConsumer,config/routing.py,apps/api/consumers.py,class,,,_TenantScopedSyncConsumer,,1,0,0,0,1,,0,0,0
ws/substitute-market/$,consumers.SubstituteMarketConsumer,config/routing.py,apps/api/consumers.py,class,,,_TenantScopedSyncConsumer,,1,0,0,1,1,,0,0,0
ws/ai/chat/$,consumers.AIChatConsumer,config/routing.py,apps/api/consumers.py,class,,,AsyncWebsocketConsumer,,1,0,0,1,0,,0,0,0
ws/support/chat/$,consumers.SupportChatConsumer,config/routing.py,apps/api/consumers.py,class,,,_TenantScopedSyncConsumer,,1,0,0,0,1,,0,0,0
ws/support/agent/$,consumers.SupportAgentConsumer,config/routing.py,apps/api/consumers.py,class,,,AsyncWebsocketConsumer,,1,0,0,1,0,,0,0,0
,home,config/urls.py,,,,,,,0,0,0,0,0,,0,1,0
,home,config/urls.py,,,,,,,0,0,0,0,0,,0,1,0
status/,_public_status_page,config/urls.py,apps/siteconfig/views_public_status.py,func,require_GET | cache_control,,,,0,0,0,0,0,,0,0,1
status/feed.xml,_PublicStatusFeed,config/urls.py,apps/siteconfig/views_public_status.py,class,,,Feed,,0,0,0,0,0,,0,0,1
status/subscribe/,_public_status_subscribe,config/urls.py,apps/siteconfig/views_public_status.py,func,require_http_methods(['POST']),,,,0,0,0,0,0,,0,0,1
status/verify/<str:token>/,_public_status_verify,config/urls.py,apps/siteconfig/views_public_status.py,func,require_GET,,,,0,0,0,0,0,,0,0,1
status/unsubscribe/<str:token>/,_public_status_unsubscribe,config/urls.py,apps/siteconfig/views_public_status.py,func,require_GET,,,,0,0,0,0,0,,0,0,1
status/history/,_public_status_history,config/urls.py,apps/siteconfig/views_public_status.py,func,require_GET | cache_control,,,,0,0,0,0,0,,0,0,1
v2/,marketing_landing_v2,config/urls.py,,,,,,,0,0,0,0,0,,0,1,0
experience/threshold-era/,marketing_threshold_era_preview,config/urls.py,apps/schools/marketing_views.py,func,require_GET,,,,0,0,0,0,0,,0,0,1
storefront/,marketing_intent_homepage,config/urls.py,apps/schools/marketing_views.py,func,require_GET,,,,0,0,0,0,0,,0,0,1
experience/<slug:personality_slug>/,marketing_personality_page,config/urls.py,apps/schools/marketing_views.py,func,require_GET,,,,0,0,0,0,0,,0,0,1
offline/,offline_page,config/urls.py,,,,,,,0,0,0,0,0,,0,1,0
sw.js,service_worker_script,config/urls.py,apps/siteconfig/views_service_worker.py,func,require_GET | never_cache,,,,0,0,0,0,0,,0,0,1
sw-reset/,service_worker_reset,config/urls.py,apps/siteconfig/views_service_worker.py,func,require_GET | never_cache,,,,0,0,0,0,0,,0,0,1
sw-asset-manifest.json,service_worker_asset_manifest,config/urls.py,apps/siteconfig/views_service_worker.py,func,require_GET | never_cache,,,,0,0,0,0,0,,0,0,1
manifest.json,_platform_manifest,config/urls.py,apps/siteconfig/views_manifest.py,func,,,,,0,0,0,0,0,,0,0,1
manifest-portal.json,_portal_manifest,config/urls.py,apps/siteconfig/views_manifest.py,func,,,,,0,0,0,0,0,,0,0,1
manifest/icon-<int:size>.png,_manifest_icon_any,config/urls.py,apps/siteconfig/views_manifest_icon.py,func,,,,,0,0,0,0,0,,0,0,1
manifest/icon-<int:size>-maskable.png,_manifest_icon_maskable,config/urls.py,apps/siteconfig/views_manifest_icon.py,func,,,,,0,0,0,0,0,,0,0,1
offline/sync/,manager_offline_sync_root_fallback,config/urls.py,,,,,,,0,0,0,0,0,,0,1,0
api/tour-steps/public/,tour_steps_public_api,config/urls.py,apps/siteconfig/views_tour.py,func,require_GET,,,,1,0,0,0,0,anonymous onboarding tour steps for marketing/login shells,0,0,0
-/version/,obs_views.public_version,config/urls.py,apps/observability/views.py,func,require_GET,,,,1,0,0,0,0,public-version-string-no-sensitive-data,0,0,0
security/csp-report/,csp_violation_report,config/urls.py,,,,,,,0,0,0,0,0,,0,1,0
api/system/version/,obs_views.public_version,config/urls.py,apps/observability/views.py,func,require_GET,,,,1,0,0,0,0,public-version-string-no-sensitive-data,0,0,0
version.json,obs_views.public_version,config/urls.py,apps/observability/views.py,func,require_GET,,,,1,0,0,0,0,public-version-string-no-sensitive-data,0,0,0
i18n/setlang/,set_language,config/urls.py,,,,,,,0,0,0,0,0,,0,1,0
internal-admin/,internal_admin_alias_redirect,config/urls.py,apps/platform_runtime/views_administration.py,func,,,,,1,0,0,0,0,redirect-only-target-admin-enforces-auth,0,0,0
internal-admin/<path:remaining>,internal_admin_alias_redirect,config/urls.py,apps/platform_runtime/views_administration.py,func,,,,,1,0,0,0,0,redirect-only-target-admin-enforces-auth,0,0,0
admin/,admin_host_dispatch,config/urls.py,,,,,,,0,0,0,0,0,,0,1,0
admin/<path:remaining>,admin_host_dispatch,config/urls.py,,,,,,,0,0,0,0,0,,0,1,0
api/schema/,schema_view,config/urls.py,,,,,,,0,0,0,0,0,,0,1,0
api/schema/ui/,api_schema_ui,config/urls.py,,,,,,,0,0,0,0,0,,0,1,0
healthz/,obs_views.healthz,config/urls.py,apps/observability/views.py,func,,,,,1,0,0,0,0,public-health-probe-for-load-balancer,0,0,0
api/csrf-token/,obs_views.csrf_token_refresh,config/urls.py,apps/observability/views.py,func,require_GET,,,,1,0,0,0,0,public-csrf-token-issue-pre-auth,0,0,0
health/,obs_views.public_health,config/urls.py,,,,,,,0,0,0,0,0,,0,1,0
ws/wal/,wal_websocket_http_stub,config/urls.py,apps/wal_stream/views_http.py,func,"require_http_methods(['GET', 'HEAD', 'POST'])",,,,1,0,0,1,0,,0,0,0
ready/,obs_views.public_health,config/urls.py,,,,,,,0,0,0,0,0,,0,1,0
status/,obs_views.public_status,config/urls.py,,,,,,,0,0,0,0,0,,0,1,0
metrics/,obs_views.metrics,config/urls.py,apps/observability/views.py,func,require_GET | observability_auth_required,,,,1,0,0,0,0,,0,0,0
api/observability/copilot-metrics/,obs_views.copilot_metrics_json,config/urls.py,apps/observability/views.py,func,require_GET | observability_auth_required,,,,1,0,0,0,0,,0,0,0
api/observability/client-event/,obs_views.client_event_capture,config/urls.py,apps/observability/views.py,func,require_POST,,,,1,0,0,1,0,,0,0,0
api/observability/slo-dashboard/,obs_views.api_operational_slo_dashboard,config/urls.py,apps/observability/views.py,func,require_GET | observability_auth_required,,,,1,0,0,0,0,,0,0,0
api/observability/runtime-inspect/,obs_views.runtime_inspect,config/urls.py,apps/observability/views.py,func,login_required | require_GET | user_passes_test(lambda u: u.is_staff or u.is_superuser),,,,1,0,0,0,0,,0,0,0
api/observability/delivery-health/,obs_views.communication_delivery_health,config/urls.py,apps/observability/views.py,func,user_passes_test(lambda u: u.is_staff or u.is_superuser),,,,1,0,0,0,0,,0,0,0
api/observability/friction/,obs_friction_views.ingest_friction_event,config/urls.py,apps/observability/views_friction.py,func,csrf_exempt | require_http_methods(['POST']),,,,1,0,0,1,0,,0,0,0
admin/dashboard/,obs_views.admin_dashboard,config/urls.py,apps/observability/views.py,func,"login_required | user_passes_test(lambda u: u.is_staff or u.is_superuser or getattr(u, 'role', None) == 'ADMIN')",,,,1,0,0,0,0,,0,0,0
api/health/,obs_views.api_health,config/urls.py,apps/observability/views.py,func,"require_http_methods(['GET', 'HEAD']) | observability_auth_required",,,,1,0,0,0,0,,0,0,0
api/admin/weather/,obs_views.api_admin_weather,config/urls.py,apps/observability/views.py,func,require_GET | observability_auth_required,,,,1,0,0,0,0,,0,0,0
api/weather/context/,obs_views.api_weather_context,config/urls.py,apps/observability/views.py,func,require_GET,,,,1,0,0,0,0,public-safe-weather-widget-snapshot,0,0,0
api/notifications/,obs_views.api_notifications,config/urls.py,apps/observability/views.py,func,require_GET | login_required,,,,1,0,0,0,0,,0,0,0
api/notifications/mark-all-read/,obs_views.api_notifications_mark_all_read,config/urls.py,apps/observability/views.py,func,require_POST | login_required,,,,1,0,0,0,0,,0,0,0
api/activities/,obs_views.api_activities,config/urls.py,apps/observability/views.py,func,require_GET | observability_auth_required,,,,1,0,0,0,0,,0,0,0
api/dashboard/charts/,obs_views.api_dashboard_charts,config/urls.py,apps/observability/views.py,func,require_GET | observability_auth_required,,,,1,0,0,0,0,,0,0,0
api/command-bar/actions/,CommandBarActionsView.as_view,config/urls.py,,,,,,,1,0,0,0,0,command-bar-server-filters-actions-per-user-and-tenant,0,1,0
api/ai-copilot/validate/,ai_copilot_query,config/urls.py,apps/portal/views_ai_copilot.py,func,require_http_methods(['POST']) | csrf_protect | login_required,,,,1,0,0,0,0,,0,0,0
api/ai-copilot/permissions/,ai_permissions,config/urls.py,apps/portal/views_ai_copilot.py,func,login_required,,,,1,0,0,0,0,,0,0,0
api/ai-copilot/limits/,ai_copilot_limits,config/urls.py,apps/portal/views_ai_copilot.py,func,require_GET | login_required,,,,1,0,0,0,0,,0,0,0
api/ai-copilot/config/,ai_copilot_config,config/urls.py,apps/portal/views_ai_copilot.py,func,require_GET | login_required,,,,1,0,0,0,0,,0,0,0
api/ai-copilot/audit/,ai_copilot_audit_feed,config/urls.py,apps/portal/views_ai_copilot.py,func,require_GET | login_required,,,,1,0,0,0,0,,0,0,0
api/ai/health/,ai_health,config/urls.py,apps/portal/views_ai_copilot.py,func,require_GET | login_required,,,,1,0,0,0,0,,0,0,0
api/preferences/theme/,set_theme_preference,config/urls.py,apps/accounts/views_theme.py,func,require_http_methods(['POST']) | csrf_protect | login_required,,,,1,0,0,0,0,,0,0,0
portal/configure/,portal_configure_hub,config/urls.py,apps/portal/views_configure.py,func,login_required,,,,1,0,0,0,0,,0,0,0
portal/configure/lexicon/,portal_lexicon_settings_view,config/urls.py,apps/portal/views_lexicon.py,func,"login_required | require_http_methods(['GET', 'POST'])",,,,1,0,0,0,0,,0,0,0
portal/at-risk/labeling/,portal_at_risk_labeling_view,config/urls.py,apps/portal/views_at_risk_labeling.py,func,"login_required | require_http_methods(['GET', 'POST'])",,,,1,0,0,0,0,,0,0,0
organization/network/,parent_tenant_dashboard,config/urls.py,apps/schools/parent_tenant_views.py,func,login_required,,,,1,0,0,0,0,,0,0,0
api/internal/rum/,rum_ingest,config/urls.py,apps/platform_runtime/views_rum.py,func,csrf_exempt | require_POST,,,,1,0,0,0,0,rum-ingest-authed-by-body-token-or-x-rum-key-header,0,0,0
api/internal/click-tracking/,record_click_event,config/urls.py,apps/platform_runtime/views_click_tracking.py,func,login_required | require_POST,,,,1,0,0,0,0,,0,0,0
internal/click-measurement/,click_measurement_dashboard,config/urls.py,apps/platform_runtime/views_click_tracking.py,func,login_required,,,,1,0,0,0,0,,0,0,0
api/caddy-check/,verify_caddy_domain,config/urls.py,apps/schools/section8_views.py,func,require_GET,,,,1,0,0,0,0,machine-endpoint-caddy-on-demand-tls-domain-check,0,0,0
api/v1/auth/check-domain/,verify_caddy_domain,config/urls.py,apps/schools/section8_views.py,func,require_GET,,,,1,0,0,0,0,machine-endpoint-caddy-on-demand-tls-domain-check,0,0,0
discover/,global_login_discovery,config/urls.py,apps/schools/section8_views.py,func,"require_http_methods(['GET', 'POST'])",,,,1,0,0,0,0,public-tenant-discovery-pre-login,0,0,0
find/,find_school,config/urls.py,apps/schools/section8_views.py,func,require_http_methods(['GET']),,,,1,0,0,0,0,public-tenant-discovery-pre-login,0,0,0
verify/,public_verify_hub,config/urls.py,apps/schools/section8_views.py,func,require_GET,,,,1,0,0,0,0,public-self-service-verify-hub,0,0,0
support/,public_support_hub,config/urls.py,apps/schools/section8_views.py,func,require_GET,,,,1,0,0,0,0,public-self-service-support-hub,0,0,0
robots.txt,marketing_robots_txt,config/urls.py,apps/schools/marketing_views.py,func,require_GET,,,,0,0,0,0,0,,0,0,1
sitemap.xml,marketing_sitemap_xml,config/urls.py,apps/schools/marketing_views.py,func,require_GET,,,,0,0,0,0,0,,0,0,1
demo/,marketing_page,config/urls.py,apps/schools/marketing_views.py,func,require_GET,,,,0,0,0,0,0,,0,0,1
resources/product-tour/,marketing_page,config/urls.py,apps/schools/marketing_views.py,func,require_GET,,,,0,0,0,0,0,,0,0,1
resources/blog/,marketing_page,config/urls.py,apps/schools/marketing_views.py,func,require_GET,,,,0,0,0,0,0,,0,0,1
company/,marketing_page,config/urls.py,apps/schools/marketing_views.py,func,require_GET,,,,0,0,0,0,0,,0,0,1
resources/case-studies/,marketing_page,config/urls.py,apps/schools/marketing_views.py,func,require_GET,,,,0,0,0,0,0,,0,0,1
resources/guides/,marketing_page,config/urls.py,apps/schools/marketing_views.py,func,require_GET,,,,0,0,0,0,0,,0,0,1
resources/help-center/,marketing_page,config/urls.py,apps/schools/marketing_views.py,func,require_GET,,,,0,0,0,0,0,,0,0,1
resources/help-center/search/,marketing_kb_search_view,config/urls.py,apps/schools/marketing_kb_views.py,func,require_GET,,,,0,0,0,0,0,,0,0,1
resources/help-center/category/<slug:category_slug>/,marketing_kb_category_view,config/urls.py,apps/schools/marketing_kb_views.py,func,require_GET,,,,0,0,0,0,0,,0,0,1
resources/help-center/article/<slug:article_slug>/,marketing_kb_article_view,config/urls.py,apps/schools/marketing_kb_views.py,func,require_GET,,,,0,0,0,0,0,,0,0,1
api/v1/marketing/kb/typeahead/,marketing_kb_typeahead_api,config/urls.py,apps/schools/marketing_kb_views.py,func,require_GET,,,,0,0,0,0,0,,0,0,1
solutions/k12-schools/,institution_marketing_page,config/urls.py,apps/schools/marketing_views.py,func,require_GET,,,,0,0,0,0,0,,0,0,1
solutions/k12-schools/,institution_marketing_page,config/urls.py,apps/schools/marketing_views.py,func,require_GET,,,,0,0,0,0,0,,0,0,1
marketing/,marketing_landing,config/urls.py,apps/schools/marketing_views.py,func,require_GET,,,,0,0,0,0,0,,0,0,1
grow/,marketing_verb_hub,config/urls.py,apps/schools/marketing_views.py,func,require_GET,,,,0,0,0,0,0,,0,0,1
grow/marketplace/,marketing_page,config/urls.py,apps/schools/marketing_views.py,func,require_GET,,,,0,0,0,0,0,,0,0,1
grow/migration/,marketing_page,config/urls.py,apps/schools/marketing_views.py,func,require_GET,,,,0,0,0,0,0,,0,0,1
education-operating-system/,marketing_page,config/urls.py,apps/schools/marketing_views.py,func,require_GET,,,,0,0,0,0,0,,0,0,1
platform/,marketing_page,config/urls.py,apps/schools/marketing_views.py,func,require_GET,,,,0,0,0,0,0,,0,0,1
platform/education-os/,marketing_page,config/urls.py,apps/schools/marketing_views.py,func,require_GET,,,,0,0,0,0,0,,0,0,1
platform/control-plane/,marketing_page,config/urls.py,apps/schools/marketing_views.py,func,require_GET,,,,0,0,0,0,0,,0,0,1
platform/marketplace/,marketing_page,config/urls.py,apps/schools/marketing_views.py,func,require_GET,,,,0,0,0,0,0,,0,0,1
platform/migration-cloud/,marketing_page,config/urls.py,apps/schools/marketing_views.py,func,require_GET,,,,0,0,0,0,0,,0,0,1
platform/runtime/,marketing_page,config/urls.py,apps/schools/marketing_views.py,func,require_GET,,,,0,0,0,0,0,,0,0,1
platform/integrations/,marketing_page,config/urls.py,apps/schools/marketing_views.py,func,require_GET,,,,0,0,0,0,0,,0,0,1
platform/security/,marketing_page,config/urls.py,apps/schools/marketing_views.py,func,require_GET,,,,0,0,0,0,0,,0,0,1
platform/analytics/,marketing_page,config/urls.py,apps/schools/marketing_views.py,func,require_GET,,,,0,0,0,0,0,,0,0,1
platform/student-information-system/,marketing_page,config/urls.py,apps/schools/marketing_views.py,func,require_GET,,,,0,0,0,0,0,,0,0,1
platform/admissions/,marketing_page,config/urls.py,apps/schools/marketing_views.py,func,require_GET,,,,0,0,0,0,0,,0,0,1
platform/attendance/,marketing_page,config/urls.py,apps/schools/marketing_views.py,func,require_GET,,,,0,0,0,0,0,,0,0,1
platform/fees-payments/,marketing_page,config/urls.py,apps/schools/marketing_views.py,func,require_GET,,,,0,0,0,0,0,,0,0,1
platform/grading-report-cards/,marketing_page,config/urls.py,apps/schools/marketing_views.py,func,require_GET,,,,0,0,0,0,0,,0,0,1
platform/parent-portal/,marketing_page,config/urls.py,apps/schools/marketing_views.py,func,require_GET,,,,0,0,0,0,0,,0,0,1
platform/teacher-portal/,marketing_page,config/urls.py,apps/schools/marketing_views.py,func,require_GET,,,,0,0,0,0,0,,0,0,1
platform/student-portal/,marketing_page,config/urls.py,apps/schools/marketing_views.py,func,require_GET,,,,0,0,0,0,0,,0,0,1
platform/communications/,marketing_page,config/urls.py,apps/schools/marketing_views.py,func,require_GET,,,,0,0,0,0,0,,0,0,1
platform/workflows/,marketing_page,config/urls.py,apps/schools/marketing_views.py,func,require_GET,,,,0,0,0,0,0,,0,0,1
platform/offline-first/,marketing_page,config/urls.py,apps/schools/marketing_views.py,func,require_GET,,,,0,0,0,0,0,,0,0,1
product/,marketing_page,config/urls.py,apps/schools/marketing_views.py,func,require_GET,,,,0,0,0,0,0,,0,0,1
products/admissions/,marketing_page,config/urls.py,apps/schools/marketing_views.py,func,require_GET,,,,0,0,0,0,0,,0,0,1
products/academics/,marketing_page,config/urls.py,apps/schools/marketing_views.py,func,require_GET,,,,0,0,0,0,0,,0,0,1
products/finance/,marketing_page,config/urls.py,apps/schools/marketing_views.py,func,require_GET,,,,0,0,0,0,0,,0,0,1
products/communication/,marketing_page,config/urls.py,apps/schools/marketing_views.py,func,require_GET,,,,0,0,0,0,0,,0,0,1
products/automation/,marketing_page,config/urls.py,apps/schools/marketing_views.py,func,require_GET,,,,0,0,0,0,0,,0,0,1
products/analytics/,marketing_page,config/urls.py,apps/schools/marketing_views.py,func,require_GET,,,,0,0,0,0,0,,0,0,1
solutions/,marketing_page,config/urls.py,apps/schools/marketing_views.py,func,require_GET,,,,0,0,0,0,0,,0,0,1
solutions/universities/,institution_marketing_page,config/urls.py,apps/schools/marketing_views.py,func,require_GET,,,,0,0,0,0,0,,0,0,1
solutions/technical-schools/,institution_marketing_page,config/urls.py,apps/schools/marketing_views.py,func,require_GET,,,,0,0,0,0,0,,0,0,1
solutions/private-schools/,institution_marketing_page,config/urls.py,apps/schools/marketing_views.py,func,require_GET,,,,0,0,0,0,0,,0,0,1
solutions/private-schools/,institution_marketing_page,config/urls.py,apps/schools/marketing_views.py,func,require_GET,,,,0,0,0,0,0,,0,0,1
solutions/government-education/,institution_marketing_page,config/urls.py,apps/schools/marketing_views.py,func,require_GET,,,,0,0,0,0,0,,0,0,1
solutions/international-schools/,institution_marketing_page,config/urls.py,apps/schools/marketing_views.py,func,require_GET,,,,0,0,0,0,0,,0,0,1
solutions/international-schools/,institution_marketing_page,config/urls.py,apps/schools/marketing_views.py,func,require_GET,,,,0,0,0,0,0,,0,0,1
solutions/faith-based-schools/,institution_marketing_page,config/urls.py,apps/schools/marketing_views.py,func,require_GET,,,,0,0,0,0,0,,0,0,1
solutions/faith-based-schools/,institution_marketing_page,config/urls.py,apps/schools/marketing_views.py,func,require_GET,,,,0,0,0,0,0,,0,0,1
solutions/multi-campus/,institution_marketing_page,config/urls.py,apps/schools/marketing_views.py,func,require_GET,,,,0,0,0,0,0,,0,0,1
solutions/multi-campus/,institution_marketing_page,config/urls.py,apps/schools/marketing_views.py,func,require_GET,,,,0,0,0,0,0,,0,0,1
solutions/growing-school-networks/,institution_marketing_page,config/urls.py,apps/schools/marketing_views.py,func,require_GET,,,,0,0,0,0,0,,0,0,1
solutions/growing-school-networks/,institution_marketing_page,config/urls.py,apps/schools/marketing_views.py,func,require_GET,,,,0,0,0,0,0,,0,0,1
roles/school-admin/,role_marketing_page,config/urls.py,apps/schools/marketing_views.py,func,require_GET,,,,0,0,0,0,0,,0,0,1
roles/teachers/,role_marketing_page,config/urls.py,apps/schools/marketing_views.py,func,require_GET,,,,0,0,0,0,0,,0,0,1
roles/parents/,role_marketing_page,config/urls.py,apps/schools/marketing_views.py,func,require_GET,,,,0,0,0,0,0,,0,0,1
roles/students/,role_marketing_page,config/urls.py,apps/schools/marketing_views.py,func,require_GET,,,,0,0,0,0,0,,0,0,1
roles/it-directors/,role_marketing_page,config/urls.py,apps/schools/marketing_views.py,func,require_GET,,,,0,0,0,0,0,,0,0,1
roles/government/,role_marketing_page,config/urls.py,apps/schools/marketing_views.py,func,require_GET,,,,0,0,0,0,0,,0,0,1
roles/principals/,role_marketing_page,config/urls.py,apps/schools/marketing_views.py,func,require_GET,,,,0,0,0,0,0,,0,0,1
roles/district-leaders/,role_marketing_page,config/urls.py,apps/schools/marketing_views.py,func,require_GET,,,,0,0,0,0,0,,0,0,1
roles/finance/,role_marketing_page,config/urls.py,apps/schools/marketing_views.py,func,require_GET,,,,0,0,0,0,0,,0,0,1
pricing/,marketing_page,config/urls.py,apps/schools/marketing_views.py,func,require_GET,,,,0,0,0,0,0,,0,0,1
pricing-packages/,marketing_pricing_packages_clarity,config/urls.py,apps/schools/competitive_marketing_views.py,func,require_GET,,,,0,0,0,0,0,,0,0,1
trust/,marketing_trust_dedicated,config/urls.py,apps/schools/competitive_marketing_views.py,func,require_GET,,,,0,0,0,0,0,,0,0,1
implementation/,marketing_story_page,config/urls.py,apps/schools/competitive_marketing_views.py,func,require_GET,,,,0,0,0,0,0,,0,0,1
offline-first/,marketing_story_page,config/urls.py,apps/schools/competitive_marketing_views.py,func,require_GET,,,,0,0,0,0,0,,0,0,1
payments-readiness/,marketing_story_page,config/urls.py,apps/schools/competitive_marketing_views.py,func,require_GET,,,,0,0,0,0,0,,0,0,1
for-private-schools/,marketing_story_page,config/urls.py,apps/schools/competitive_marketing_views.py,func,require_GET,,,,0,0,0,0,0,,0,0,1
for-school-networks/,marketing_story_page,config/urls.py,apps/schools/competitive_marketing_views.py,func,require_GET,,,,0,0,0,0,0,,0,0,1
pilot-program/,marketing_story_page,config/urls.py,apps/schools/competitive_marketing_views.py,func,require_GET,,,,0,0,0,0,0,,0,0,1
compare/<slug:slug>/,competitor_compare_page,config/urls.py,apps/schools/marketing_competitor_views.py,func,require_GET,,,,0,0,0,0,0,,0,0,1
procurement-checklist/,marketing_procurement_checklist,config/urls.py,apps/schools/competitive_marketing_views.py,func,require_GET,,,,0,0,0,0,0,,0,0,1
careers/,marketing_page,config/urls.py,apps/schools/marketing_views.py,func,require_GET,,,,0,0,0,0,0,,0,0,1
brand-assets/,marketing_page,config/urls.py,apps/schools/marketing_views.py,func,require_GET,,,,0,0,0,0,0,,0,0,1
hardware-store/,marketing_page,config/urls.py,apps/schools/marketing_views.py,func,require_GET,,,,0,0,0,0,0,,0,0,1
training-academies/,marketing_page,config/urls.py,apps/schools/marketing_views.py,func,require_GET,,,,0,0,0,0,0,,0,0,1
teacher-communities/,marketing_page,config/urls.py,apps/schools/marketing_views.py,func,require_GET,,,,0,0,0,0,0,,0,0,1
lesson-planning/,marketing_page,config/urls.py,apps/schools/marketing_views.py,func,require_GET,,,,0,0,0,0,0,,0,0,1
infrastructure-map/,marketing_page,config/urls.py,apps/schools/marketing_views.py,func,require_GET,,,,0,0,0,0,0,,0,0,1
security-matrix/,marketing_page,config/urls.py,apps/schools/marketing_views.py,func,require_GET,,,,0,0,0,0,0,,0,0,1
solutions/higher-ed/,marketing_page,config/urls.py,apps/schools/marketing_views.py,func,require_GET,,,,0,0,0,0,0,,0,0,1
solutions/k12-districts/,marketing_page,config/urls.py,apps/schools/marketing_views.py,func,require_GET,,,,0,0,0,0,0,,0,0,1
legal-compliance/ferpa/,marketing_page,config/urls.py,apps/schools/marketing_views.py,func,require_GET,,,,0,0,0,0,0,,0,0,1
legal-compliance/coppa/,marketing_page,config/urls.py,apps/schools/marketing_views.py,func,require_GET,,,,0,0,0,0,0,,0,0,1
legal-compliance/gdpr/,marketing_page,config/urls.py,apps/schools/marketing_views.py,func,require_GET,,,,0,0,0,0,0,,0,0,1
legal-compliance/wcag/,marketing_page,config/urls.py,apps/schools/marketing_views.py,func,require_GET,,,,0,0,0,0,0,,0,0,1
legal-compliance/terms/,marketing_page,config/urls.py,apps/schools/marketing_views.py,func,require_GET,,,,0,0,0,0,0,,0,0,1
legal-compliance/cookie-policy/,marketing_page,config/urls.py,apps/schools/marketing_views.py,func,require_GET,,,,0,0,0,0,0,,0,0,1
implementation-assurance/,marketing_implementation_assurance,config/urls.py,apps/schools/competitive_marketing_views.py,func,require_GET,,,,0,0,0,0,0,,0,0,1
security-packet/,marketing_security_packet_request,config/urls.py,apps/schools/competitive_marketing_views.py,func,require_GET,,,,0,0,0,0,0,,0,0,1
compare/,marketing_page,config/urls.py,apps/schools/marketing_views.py,func,require_GET,,,,0,0,0,0,0,,0,0,1
security-compliance/,marketing_page,config/urls.py,apps/schools/marketing_views.py,func,require_GET,,,,0,0,0,0,0,,0,0,1
integrations/,marketing_page,config/urls.py,apps/schools/marketing_views.py,func,require_GET,,,,0,0,0,0,0,,0,0,1
book-demo/submit/,submit_demo_request,config/urls.py,apps/schools/marketing_views.py,func,require_POST | csrf_protect,,,,0,0,0,0,0,,0,0,1
interactive-preview/,marketing_page,config/urls.py,apps/schools/marketing_views.py,func,require_GET,,,,0,0,0,0,0,,0,0,1
getting-started/,marketing_page,config/urls.py,apps/schools/marketing_views.py,func,require_GET,,,,0,0,0,0,0,,0,0,1
themes/,marketing_page,config/urls.py,apps/schools/marketing_views.py,func,require_GET,,,,0,0,0,0,0,,0,0,1
design-studio/,marketing_page,config/urls.py,apps/schools/marketing_views.py,func,require_GET,,,,0,0,0,0,0,,0,0,1
uptime/,marketing_page,config/urls.py,apps/schools/marketing_views.py,func,require_GET,,,,0,0,0,0,0,,0,0,1
buyer-toolkit/,marketing_page,config/urls.py,apps/schools/marketing_views.py,func,require_GET,,,,0,0,0,0,0,,0,0,1
buyer-toolkit/download/<str:document>/,buyer_toolkit_download,config/urls.py,apps/schools/marketing_views.py,func,require_GET,,,,0,0,0,0,0,,0,0,1
funnel-dashboard/,marketing_funnel_dashboard,config/urls.py,apps/schools/marketing_views.py,func,require_GET | staff_member_required,,,,1,0,0,0,0,,0,0,1
about/,marketing_page,config/urls.py,apps/schools/marketing_views.py,func,require_GET,,,,0,0,0,0,0,,0,0,1
features/,marketing_page,config/urls.py,apps/schools/marketing_views.py,func,require_GET,,,,0,0,0,0,0,,0,0,1
blog/<slug:slug>/,blog_post_detail,config/urls.py,apps/schools/marketing_views.py,func,require_GET,,,,0,0,0,0,0,,0,0,1
contact/submit/,submit_contact_request,config/urls.py,apps/schools/marketing_views.py,func,require_POST | csrf_protect,,,,0,0,0,0,0,,0,0,1
security-packet/submit/,submit_security_packet_request,config/urls.py,apps/schools/marketing_views.py,func,require_POST | csrf_protect,,,,0,0,0,0,0,,0,0,1
contact/,marketing_page,config/urls.py,apps/schools/marketing_views.py,func,require_GET,,,,0,0,0,0,0,,0,0,1
why-switch/,marketing_page,config/urls.py,apps/schools/marketing_views.py,func,require_GET,,,,0,0,0,0,0,,0,0,1
school-management-system/,marketing_page,config/urls.py,apps/schools/marketing_views.py,func,require_GET,,,,0,0,0,0,0,,0,0,1
student-information-system/,marketing_page,config/urls.py,apps/schools/marketing_views.py,func,require_GET,,,,0,0,0,0,0,,0,0,1
education-erp/,marketing_page,config/urls.py,apps/schools/marketing_views.py,func,require_GET,,,,0,0,0,0,0,,0,0,1
school-administration-software/,marketing_page,config/urls.py,apps/schools/marketing_views.py,func,require_GET,,,,0,0,0,0,0,,0,0,1
10-reasons/,marketing_page,config/urls.py,apps/schools/marketing_views.py,func,require_GET,,,,0,0,0,0,0,,0,0,1
resources/,marketing_page,config/urls.py,apps/schools/marketing_views.py,func,require_GET,,,,0,0,0,0,0,,0,0,1
research/,marketing_page,config/urls.py,apps/schools/marketing_views.py,func,require_GET,,,,0,0,0,0,0,,0,0,1
reports/,marketing_page,config/urls.py,apps/schools/marketing_views.py,func,require_GET,,,,0,0,0,0,0,,0,0,1
events/,marketing_page,config/urls.py,apps/schools/marketing_views.py,func,require_GET,,,,0,0,0,0,0,,0,0,1
trust-center/,marketing_page,config/urls.py,apps/schools/marketing_views.py,func,require_GET,,,,0,0,0,0,0,,0,0,1
trust-center/ferpa/,marketing_page,config/urls.py,apps/schools/marketing_views.py,func,require_GET,,,,0,0,0,0,0,,0,0,1
trust-center/gdpr/,marketing_page,config/urls.py,apps/schools/marketing_views.py,func,require_GET,,,,0,0,0,0,0,,0,0,1
trust-center/retention/,marketing_page,config/urls.py,apps/schools/marketing_views.py,func,require_GET,,,,0,0,0,0,0,,0,0,1
trust-center/offboarding/,marketing_page,config/urls.py,apps/schools/marketing_views.py,func,require_GET,,,,0,0,0,0,0,,0,0,1
trust-center/incidents/,marketing_page,config/urls.py,apps/schools/marketing_views.py,func,require_GET,,,,0,0,0,0,0,,0,0,1
trust-center/coppa/,marketing_page,config/urls.py,apps/schools/marketing_views.py,func,require_GET,,,,0,0,0,0,0,,0,0,1
trust-center/accessibility/,marketing_page,config/urls.py,apps/schools/marketing_views.py,func,require_GET,,,,0,0,0,0,0,,0,0,1
compare/replacement/,marketing_page,config/urls.py,apps/schools/marketing_views.py,func,require_GET,,,,0,0,0,0,0,,0,0,1
developers/,marketing_page,config/urls.py,apps/schools/marketing_views.py,func,require_GET,,,,0,0,0,0,0,,0,0,1
developers/api/,developer_marketing_page,config/urls.py,apps/schools/marketing_views.py,func,require_GET,,,,0,0,0,0,0,,0,0,1
developers/webhooks/,developer_marketing_page,config/urls.py,apps/schools/marketing_views.py,func,require_GET,,,,0,0,0,0,0,,0,0,1
developers/integrations/,developer_marketing_page,config/urls.py,apps/schools/marketing_views.py,func,require_GET,,,,0,0,0,0,0,,0,0,1
developers/sdk/,developer_marketing_page,config/urls.py,apps/schools/marketing_views.py,func,require_GET,,,,0,0,0,0,0,,0,0,1
developers/app-building/,developer_marketing_page,config/urls.py,apps/schools/marketing_views.py,func,require_GET,,,,0,0,0,0,0,,0,0,1
developers/api-docs/,developer_public_api_docs,config/urls.py,apps/schools/marketing_views.py,func,require_GET,,,,0,0,0,0,0,,0,0,1
developer/,developer_hub,config/urls.py,apps/schools/marketing_views.py,func,require_GET,,,,0,0,0,0,0,,0,0,1
developer/console/,developer_console,config/urls.py,apps/schools/marketing_views.py,func,require_GET,,,,0,0,0,0,0,,0,0,1
developer-portal/,developer_portal,config/urls.py,apps/schools/marketing_views.py,func,require_GET,,,,0,0,0,0,0,,0,0,1
developer-portal/sdk/,developer_sdk,config/urls.py,apps/schools/marketing_views.py,func,require_GET,,,,0,0,0,0,0,,0,0,1
developer-portal/sandbox/,developer_sandbox,config/urls.py,apps/schools/marketing_views.py,func,require_GET,,,,0,0,0,0,0,,0,0,1
migrate/,migrate_marketing_page,config/urls.py,apps/schools/marketing_views.py,func,require_GET,,,,0,0,0,0,0,,0,0,1
migrate/simulator/,migration_simulator_page,config/urls.py,apps/schools/marketing_views.py,func,require_GET,,,,0,0,0,0,0,,0,0,1
migrate/<str:source_slug>/,migrate_marketing_page,config/urls.py,apps/schools/marketing_views.py,func,require_GET,,,,0,0,0,0,0,,0,0,1
app-marketplace/,marketing_page,config/urls.py,apps/schools/marketing_views.py,func,require_GET,,,,0,0,0,0,0,,0,0,1
privacy/,marketing_page,config/urls.py,apps/schools/marketing_views.py,func,require_GET,,,,0,0,0,0,0,,0,0,1
terms/,marketing_page,config/urls.py,apps/schools/marketing_views.py,func,require_GET,,,,0,0,0,0,0,,0,0,1
cookie-policy/,marketing_page,config/urls.py,apps/schools/marketing_views.py,func,require_GET,,,,0,0,0,0,0,,0,0,1
solutions/<str:topic_slug>/,topical_marketing_landing,config/urls.py,apps/schools/marketing_views.py,func,require_GET,,,,0,0,0,0,0,,0,0,1
verify-signup/resend/,resend_signup_verification,config/urls.py,apps/schools/signup_views.py,func,"never_cache | require_http_methods(['GET', 'POST'])",,,,0,0,0,0,0,,0,0,1
signup/slug-check/,signup_slug_check,config/urls.py,apps/schools/signup_views.py,func,never_cache | require_GET | ratelimit,,,,0,0,0,0,0,,0,0,1
signup/slug-suggest/,signup_slug_suggest,config/urls.py,apps/schools/signup_views.py,func,never_cache | require_GET | ratelimit,,,,0,0,0,0,0,,0,0,1
<str:language_code>/<str:country_code>/,regional_marketing_landing,config/urls.py,apps/schools/marketing_views.py,func,require_GET,,,,0,0,0,0,0,,0,0,1
setup-studio/,onboarding_wizard,config/urls.py,apps/schools/signup_views.py,func,"require_http_methods(['GET', 'POST'])",,,,0,0,0,0,0,,0,0,1
onboard/,onboarding_wizard,config/urls.py,apps/schools/signup_views.py,func,"require_http_methods(['GET', 'POST'])",,,,0,0,0,0,0,,0,0,1
onboard/migrate/,onboard_migration_handoff,config/urls.py,apps/schools/signup_views.py,func,require_GET,,,,1,0,0,1,0,,0,0,1
onboard/migrate/start/,onboard_migration_start,config/urls.py,apps/schools/signup_views.py,func,require_POST,,,,1,0,0,1,0,,0,0,1
signup/,signup_school,config/urls.py,apps/schools/signup_views.py,func,"require_http_methods(['GET', 'POST'])",,,,0,0,0,0,0,,0,0,1
verify-signup/,verify_signup,config/urls.py,apps/schools/signup_views.py,func,,,,,0,0,0,0,0,,0,0,1
accept-invite/,accept_school_invite,config/urls.py,apps/schools/signup_views.py,func,never_cache | require_GET,,,,0,0,0,0,0,,0,0,1
api/trial/,api_trial_school,config/urls.py,apps/schools/signup_views.py,func,require_POST,,,,0,0,0,0,0,,0,0,1
lti/launch/<str:tool_id>/,lti_launch,config/urls.py,apps/schools/section8_views.py,func,require_GET,,,,1,0,0,0,0,lti-1p3-signed-jwt-launch-verified-in-view,0,0,0
lti/launch/<str:tool_id>/callback/,lti_launch_callback,config/urls.py,apps/schools/section8_views.py,func,csrf_exempt | require_http_methods(['POST']),,,,1,0,0,0,0,lti-1p3-signed-jwt-launch-verified-in-view,0,0,0
lti/service/<str:tool_id>/lineitems,lti_ags_lineitems,config/urls.py,apps/schools/section8_views.py,func,"csrf_exempt | require_http_methods(['GET', 'POST'])",,,,1,0,0,0,0,lti-1p3-oauth2-bearer-and-scope-verified-in-view,0,0,0
lti/service/<str:tool_id>/lineitems/<str:lineitem_id>,lti_ags_lineitem_detail,config/urls.py,apps/schools/section8_views.py,func,"csrf_exempt | require_http_methods(['GET', 'PUT', 'DELETE'])",,,,1,0,0,0,0,lti-1p3-oauth2-bearer-and-scope-verified-in-view,0,0,0
lti/service/<str:tool_id>/lineitems/<str:lineitem_id>/scores,lti_ags_scores,config/urls.py,apps/schools/section8_views.py,func,"csrf_exempt | require_http_methods(['GET', 'POST'])",,,,1,0,0,0,0,lti-1p3-oauth2-bearer-and-scope-verified-in-view,0,0,0
lti/service/<str:tool_id>/lineitems/<str:lineitem_id>/results,lti_ags_results,config/urls.py,apps/schools/section8_views.py,func,require_http_methods(['GET']),,,,1,0,0,0,0,lti-1p3-oauth2-bearer-and-scope-verified-in-view,0,0,0
lti/service/<str:tool_id>/memberships,lti_nrps_memberships,config/urls.py,apps/schools/section8_views.py,func,require_http_methods(['GET']),,,,1,0,0,0,0,lti-1p3-oauth2-bearer-and-scope-verified-in-view,0,0,0
lti/service/<str:tool_id>/deep-linking,lti_deep_linking,config/urls.py,apps/schools/section8_views.py,func,csrf_exempt | require_http_methods(['POST']),,,,1,0,0,0,0,lti-1p3-oauth2-bearer-and-scope-verified-in-view,0,0,0
lti/jwks.json,jwks_json,config/urls.py,apps/schools/section8_views.py,func,require_GET,,,,1,0,0,0,0,public-lti-1p3-jwks-keyset-by-design,0,0,0
account-frozen/,frozen_account,config/urls.py,apps/schools/section8_views.py,func,,,,,1,0,0,0,0,public-frozen-account-landing-page,0,0,0
.well-known/jwks.json,lti_platform_jwks_view,config/urls.py,,,,,,,0,0,0,0,0,,0,1,0
lti/jwks/,lti_platform_jwks_view,config/urls.py,,,,,,,0,0,0,0,0,,0,1,0
lti/auth/token/,lti_tool_token_endpoint,config/urls.py,,,,,,,0,0,0,0,0,,0,1,0
super/lti/tools/,LTIToolRegistrationListView.as_view,config/urls.py,,,,,,,0,0,0,0,0,,0,1,0
super/lti/tools/register/,LTIToolRegistrationCreateView.as_view,config/urls.py,,,,,,,0,0,0,0,0,,0,1,0
super/lti/tools/<int:pk>/,LTIToolRegistrationDetailView.as_view,config/urls.py,,,,,,,0,0,0,0,0,,0,1,0
lms-oauth-metrics/,lms_oauth_metrics_text,config/urls.py,apps/integrations_marketplace/views_oauth_metrics.py,func,"require_http_methods(['GET', 'HEAD'])",,,,1,0,0,0,0,prometheus-oauth-metrics-scrape-firewall-protected,0,0,0
metrics/,PrometheusMetricsView.as_view,config/urls.py,apps/observability/views_metrics.py,class,,,View,,1,0,0,0,0,prometheus-scrape-anonymous-firewall-protected,0,0,0
